tau,w_in,w_re,prob_neu_e,acc,std,acc_train,std_train,num_spikes,std_spikes
80.0,2.0,0.5,0.65,0.791,0.006,0.85,0.004,258.90066666666667,42.201565526516774
80.0,2.0,0.5,0.65,0.75,0.015,0.818,0.006,223.83833333333334,43.58238402407815
80.0,2.0,0.5,0.65,0.723,0.014,0.782,0.009,202.296,37.49627160132058
80.0,2.0,0.5,0.65,0.733,0.02,0.793,0.01,254.24566666666666,43.67533989055558
80.0,2.0,0.5,0.65,0.735,0.009,0.801,0.006,219.23966666666666,40.60141491650534
80.0,2.0,0.5,0.72,0.757,0.013,0.817,0.01,187.77766666666668,34.868489612956985
80.0,2.0,0.5,0.72,0.749,0.012,0.815,0.003,204.52766666666668,39.927942194519474
80.0,2.0,0.5,0.72,0.745,0.012,0.806,0.018,187.78333333333333,37.78393471069712
80.0,2.0,0.5,0.72,0.759,0.019,0.831,0.012,231.48066666666668,40.86587361383851
80.0,2.0,0.5,0.72,0.749,0.019,0.809,0.006,197.78033333333335,33.90529083425706
80.0,2.0,0.5,0.78,0.707,0.025,0.777,0.005,199.36133333333333,44.33432197393898
80.0,2.0,0.5,0.78,0.779,0.025,0.836,0.012,239.69733333333335,41.954027135531206
80.0,2.0,0.5,0.78,0.745,0.014,0.824,0.017,256.3926666666667,48.624614612583024
80.0,2.0,0.5,0.78,0.764,0.024,0.833,0.006,266.36133333333333,52.972062808826145
80.0,2.0,0.5,0.78,0.74,0.01,0.806,0.004,204.43866666666668,42.336370158791624
80.0,2.0,0.5,0.85,0.778,0.017,0.842,0.004,260.2266666666667,47.20129188439184
80.0,2.0,0.5,0.85,0.761,0.022,0.817,0.007,209.872,41.243386734521856
80.0,2.0,0.5,0.85,0.765,0.015,0.832,0.006,209.40566666666666,39.65546327921146
80.0,2.0,0.5,0.85,0.757,0.01,0.824,0.005,289.016,51.45889373082169
80.0,2.0,0.5,0.85,0.743,0.016,0.811,0.008,205.713,42.90185657598826
80.0,2.0,1.3,0.65,0.747,0.02,0.828,0.01,227.59566666666666,54.80042744257465
80.0,2.0,1.3,0.65,0.81,0.011,0.87,0.009,260.5283333333333,48.196568313752614
80.0,2.0,1.3,0.65,0.765,0.014,0.84,0.015,264.7846666666667,50.38765356270875
80.0,2.0,1.3,0.65,0.795,0.023,0.864,0.004,302.828,62.11945816462557
80.0,2.0,1.3,0.65,0.765,0.011,0.837,0.002,226.71533333333332,48.9011209642024
80.0,2.0,1.3,0.72,0.769,0.015,0.862,0.007,233.965,55.10209108252306
80.0,2.0,1.3,0.72,0.833,0.01,0.91,0.006,335.464,63.939252711721096
80.0,2.0,1.3,0.72,0.802,0.012,0.872,0.008,270.22366666666665,59.36372888014663
80.0,2.0,1.3,0.72,0.79,0.014,0.857,0.006,279.983,50.613602035421266
80.0,2.0,1.3,0.72,0.761,0.021,0.844,0.012,246.60733333333334,46.987251599650826
80.0,2.0,1.3,0.78,0.812,0.01,0.888,0.006,295.6623333333333,55.25295450220035
80.0,2.0,1.3,0.78,0.775,0.015,0.865,0.007,260.9533333333333,56.459246265681664
80.0,2.0,1.3,0.78,0.759,0.016,0.828,0.01,229.59833333333333,46.94569554874606
80.0,2.0,1.3,0.78,0.773,0.02,0.853,0.007,298.72133333333335,57.89588078227634
80.0,2.0,1.3,0.78,0.773,0.02,0.86,0.008,261.468,54.44775149321289
80.0,2.0,1.3,0.85,0.757,0.01,0.837,0.005,203.357,40.635561818846966
80.0,2.0,1.3,0.85,0.804,0.016,0.883,0.008,280.5366666666667,65.71832308336
80.0,2.0,1.3,0.85,0.766,0.008,0.847,0.009,206.27866666666668,46.59079678315116
80.0,2.0,1.3,0.85,0.819,0.014,0.9,0.007,325.68333333333334,69.53174614679415
80.0,2.0,1.3,0.85,0.79,0.012,0.885,0.005,300.493,65.42178498787693
80.0,2.0,2.1,0.65,0.761,0.014,0.875,0.004,256.02066666666667,65.53885544384255
80.0,2.0,2.1,0.65,0.822,0.014,0.949,0.004,427.9293333333333,103.25989705377182
80.0,2.0,2.1,0.65,0.803,0.012,0.904,0.006,300.50533333333334,73.56086349562668
80.0,2.0,2.1,0.65,0.801,0.01,0.892,0.006,319.19866666666667,63.54094636444196
80.0,2.0,2.1,0.65,0.768,0.02,0.879,0.011,275.69233333333335,57.038896154778065
80.0,2.0,2.1,0.72,0.763,0.014,0.877,0.008,258.9406666666667,64.82774981612599
80.0,2.0,2.1,0.72,0.76,0.01,0.836,0.015,322.18066666666664,75.52750068389365
80.0,2.0,2.1,0.72,0.785,0.014,0.893,0.002,270.5523333333333,73.191966279701
80.0,2.0,2.1,0.72,0.812,0.007,0.902,0.003,336.01166666666666,79.5003031266059
80.0,2.0,2.1,0.72,0.726,0.012,0.788,0.012,289.8983333333333,77.07297838556794
80.0,2.0,2.1,0.78,0.773,0.019,0.87,0.005,231.226,51.361985852054694
80.0,2.0,2.1,0.78,0.783,0.021,0.94,0.003,476.4513333333333,282.1607797543017
80.0,2.0,2.1,0.78,0.774,0.013,0.857,0.007,287.9936666666667,98.33985438208096
80.0,2.0,2.1,0.78,0.794,0.015,0.957,0.005,583.905,313.34248883343815
80.0,2.0,2.1,0.78,0.788,0.015,0.903,0.006,459.63033333333334,202.72902196418636
80.0,2.0,2.1,0.85,0.81,0.012,0.944,0.004,491.7273333333333,283.20575968640816
80.0,2.0,2.1,0.85,0.766,0.027,0.866,0.004,398.5323333333333,206.63528487302344
80.0,2.0,2.1,0.85,0.772,0.015,0.898,0.007,384.77166666666665,244.7654268830102
80.0,2.0,2.1,0.85,0.774,0.013,0.912,0.009,516.6686666666667,299.5874500345804
80.0,2.0,2.1,0.85,0.762,0.022,0.949,0.002,823.528,492.86594040976297
80.0,2.0,3.0,0.65,0.767,0.014,0.99,0.004,1516.1893333333333,445.16402911685884
80.0,2.0,3.0,0.65,0.754,0.016,0.986,0.002,812.7903333333334,413.13018977866477
80.0,2.0,3.0,0.65,0.768,0.008,0.888,0.006,349.3983333333333,184.6360212162176
80.0,2.0,3.0,0.65,0.782,0.004,0.974,0.005,1224.3856666666666,560.55585590961
80.0,2.0,3.0,0.65,0.751,0.024,0.972,0.004,1062.874,414.9994684221495
80.0,2.0,3.0,0.72,0.755,0.022,0.949,0.004,1323.2353333333333,593.8405066050049
80.0,2.0,3.0,0.72,0.759,0.012,0.981,0.005,1732.3333333333333,516.8245100826994
80.0,2.0,3.0,0.72,0.765,0.014,0.98,0.004,1635.6856666666667,572.443359813489
80.0,2.0,3.0,0.72,0.788,0.017,0.984,0.002,1827.172,514.7769041853633
80.0,2.0,3.0,0.72,0.763,0.017,0.967,0.001,1906.5163333333333,500.7333326231527
80.0,2.0,3.0,0.78,0.762,0.014,0.97,0.006,2060.9843333333333,515.2753782408221
80.0,2.0,3.0,0.78,0.813,0.011,0.98,0.001,2243.050333333333,413.69986117138376
80.0,2.0,3.0,0.78,0.768,0.015,0.944,0.004,2461.396,347.8554898958282
80.0,2.0,3.0,0.78,0.77,0.019,0.921,0.014,2723.393666666667,355.41224049436204
80.0,2.0,3.0,0.78,0.785,0.012,0.943,0.001,2375.828,450.51184788267966
80.0,2.0,3.0,0.85,0.79,0.011,0.923,0.002,2592.085,378.97219745209105
80.0,2.0,3.0,0.85,0.738,0.011,0.92,0.004,2189.2446666666665,607.6046297866914
80.0,2.0,3.0,0.85,0.755,0.018,0.902,0.016,2489.74,519.4261863505408
80.0,2.0,3.0,0.85,0.796,0.004,0.928,0.002,2464.5156666666667,544.0069347792258
80.0,2.0,3.0,0.85,0.786,0.009,0.934,0.004,2650.654,395.48519519361696
80.0,3.0,0.5,0.65,0.828,0.013,0.906,0.014,642.042,110.97389889519067
80.0,3.0,0.5,0.65,0.843,0.005,0.923,0.005,722.523,104.34480407603756
80.0,3.0,0.5,0.65,0.828,0.012,0.912,0.009,689.7866666666666,111.21087396873064
80.0,3.0,0.5,0.65,0.848,0.003,0.931,0.005,743.9846666666666,114.24037420379112
80.0,3.0,0.5,0.65,0.843,0.01,0.93,0.003,678.4116666666666,109.23030194908779
80.0,3.0,0.5,0.72,0.831,0.011,0.909,0.014,647.4806666666667,112.24711856534324
80.0,3.0,0.5,0.72,0.851,0.004,0.929,0.003,739.1576666666666,107.60317595013429
80.0,3.0,0.5,0.72,0.828,0.014,0.914,0.005,701.5963333333333,113.57923836051884
80.0,3.0,0.5,0.72,0.855,0.006,0.935,0.007,762.6506666666667,118.99436387026441
80.0,3.0,0.5,0.72,0.849,0.015,0.934,0.001,688.245,112.14024987339144
80.0,3.0,0.5,0.78,0.841,0.006,0.923,0.003,821.803,121.28563610062542
80.0,3.0,0.5,0.78,0.842,0.023,0.921,0.005,764.5223333333333,113.68200459126717
80.0,3.0,0.5,0.78,0.817,0.004,0.91,0.005,654.4666666666667,111.41419817759115
80.0,3.0,0.5,0.78,0.853,0.015,0.942,0.004,781.013,126.49499923317127
80.0,3.0,0.5,0.78,0.841,0.011,0.934,0.006,827.1406666666667,132.73456048151974
80.0,3.0,0.5,0.85,0.836,0.012,0.923,0.004,620.0936666666666,94.0747339081482
80.0,3.0,0.5,0.85,0.84,0.008,0.948,0.003,792.2026666666667,126.00361738017241
80.0,3.0,0.5,0.85,0.832,0.011,0.925,0.008,611.9393333333334,94.03243936476863
80.0,3.0,0.5,0.85,0.843,0.022,0.929,0.008,873.3006666666666,133.81638016160636
80.0,3.0,0.5,0.85,0.844,0.004,0.939,0.003,772.3676666666667,117.63711923207836
80.0,3.0,1.3,0.65,0.844,0.007,0.945,0.003,858.9153333333334,136.38814036255334
80.0,3.0,1.3,0.65,0.85,0.016,0.948,0.002,789.103,121.93803231286509
80.0,3.0,1.3,0.65,0.842,0.007,0.935,0.004,663.7396666666667,110.30579265488383
80.0,3.0,1.3,0.65,0.855,0.012,0.938,0.002,848.8626666666667,130.10687839704025
80.0,3.0,1.3,0.65,0.854,0.02,0.954,0.006,790.8336666666667,123.10441638390648
80.0,3.0,1.3,0.72,0.871,0.012,0.959,0.002,887.986,145.24500153418936
80.0,3.0,1.3,0.72,0.868,0.014,0.978,0.003,1082.205,166.25133074655375
80.0,3.0,1.3,0.72,0.848,0.009,0.953,0.006,918.9716666666667,172.3611736941421
80.0,3.0,1.3,0.72,0.846,0.014,0.949,0.002,872.6386666666667,134.2194972357676
80.0,3.0,1.3,0.72,0.838,0.019,0.95,0.005,858.8056666666666,136.5227596454973
80.0,3.0,1.3,0.78,0.854,0.005,0.948,0.003,711.199,112.68129125546973
80.0,3.0,1.3,0.78,0.855,0.005,0.971,0.004,950.849,156.40940146188996
80.0,3.0,1.3,0.78,0.841,0.008,0.953,0.005,765.0473333333333,117.17548560267296
80.0,3.0,1.3,0.78,0.864,0.02,0.961,0.008,1055.613,158.1095608462689
80.0,3.0,1.3,0.78,0.859,0.008,0.957,0.003,948.1486666666667,146.97744236749014
80.0,3.0,1.3,0.85,0.858,0.006,0.968,0.005,839.2856666666667,135.04407945021342
80.0,3.0,1.3,0.85,0.85,0.011,0.935,0.01,830.183,137.45524669627324
80.0,3.0,1.3,0.85,0.861,0.017,0.981,0.003,884.372,152.83634477004045
80.0,3.0,1.3,0.85,0.852,0.006,0.947,0.006,941.5593333333334,157.6929352028457
80.0,3.0,1.3,0.85,0.855,0.01,0.966,0.004,878.3696666666667,140.17846368072696
80.0,3.0,2.1,0.65,0.832,0.012,0.964,0.006,1245.8383333333334,215.91297984115934
80.0,3.0,2.1,0.65,0.834,0.012,0.973,0.004,1085.6076666666668,200.4636253153064
80.0,3.0,2.1,0.65,0.823,0.012,0.925,0.011,853.3236666666667,146.05104669220586
80.0,3.0,2.1,0.65,0.841,0.011,0.988,0.002,1191.6486666666667,233.6566909625221
80.0,3.0,2.1,0.65,0.815,0.012,0.991,0.002,1173.866,228.39859320349004
80.0,3.0,2.1,0.72,0.844,0.017,0.994,0.003,1625.8556666666666,322.80454173987215
80.0,3.0,2.1,0.72,0.823,0.026,0.987,0.002,1062.7036666666668,257.07195721539824
80.0,3.0,2.1,0.72,0.83,0.01,0.998,0.001,1676.4663333333333,346.8692013808023
80.0,3.0,2.1,0.72,0.834,0.01,0.999,0.0,1936.2576666666666,292.12701223022077
80.0,3.0,2.1,0.72,0.842,0.018,1.0,0.0,1618.9113333333332,236.23392108576522
80.0,3.0,2.1,0.78,0.843,0.017,0.991,0.004,1914.8336666666667,441.0516749768545
80.0,3.0,2.1,0.78,0.847,0.01,1.0,0.0,2126.931,271.75316540137425
80.0,3.0,2.1,0.78,0.837,0.007,1.0,0.001,2025.04,342.6848966616416
80.0,3.0,2.1,0.78,0.858,0.01,0.998,0.001,2231.1793333333335,303.8768026238411
80.0,3.0,2.1,0.78,0.858,0.004,0.994,0.002,2301.3516666666665,288.20751435477104
80.0,3.0,2.1,0.85,0.876,0.004,0.999,0.0,2808.142333333333,367.5528371194481
80.0,3.0,2.1,0.85,0.852,0.008,0.997,0.0,2392.3496666666665,387.68061175821293
80.0,3.0,2.1,0.85,0.861,0.009,0.997,0.001,2905.0736666666667,389.4195118890281
80.0,3.0,2.1,0.85,0.862,0.005,0.996,0.001,2720.224,425.17225900098424
80.0,3.0,2.1,0.85,0.864,0.006,0.994,0.004,2644.4396666666667,304.3022615096524
80.0,3.0,3.0,0.65,0.857,0.019,0.995,0.002,2197.324666666667,204.23540484341973
80.0,3.0,3.0,0.65,0.836,0.021,0.999,0.001,3674.6113333333333,697.8792375988525
80.0,3.0,3.0,0.65,0.816,0.011,0.998,0.001,2790.739666666667,424.7768142133257
80.0,3.0,3.0,0.65,0.841,0.022,0.999,0.0,3616.623,643.2134209350734
80.0,3.0,3.0,0.65,0.843,0.011,0.997,0.001,4102.991333333333,701.5021334666219
80.0,3.0,3.0,0.72,0.82,0.016,0.996,0.001,3753.6873333333333,694.624170977531
80.0,3.0,3.0,0.72,0.844,0.007,0.996,0.0,4229.612666666667,765.6268581841215
80.0,3.0,3.0,0.72,0.826,0.007,0.992,0.002,4249.74,785.0863738468526
80.0,3.0,3.0,0.72,0.839,0.012,0.999,0.0,4210.577333333334,767.7515613918057
80.0,3.0,3.0,0.72,0.847,0.003,0.996,0.001,4542.943333333334,798.8040778494366
80.0,3.0,3.0,0.78,0.842,0.007,0.997,0.001,5009.169333333333,761.1711800417974
80.0,3.0,3.0,0.78,0.841,0.007,0.991,0.003,5171.609333333334,719.2436198624837
80.0,3.0,3.0,0.78,0.823,0.015,0.973,0.001,5691.282333333334,476.90134125192907
80.0,3.0,3.0,0.78,0.834,0.006,0.961,0.002,6027.599333333334,636.9606524735697
80.0,3.0,3.0,0.78,0.838,0.014,0.986,0.002,5424.899333333334,788.7934346410908
80.0,3.0,3.0,0.85,0.828,0.017,0.957,0.004,6002.928666666667,684.3412279301086
80.0,3.0,3.0,0.85,0.856,0.013,0.978,0.002,5933.545,624.927315220205
80.0,3.0,3.0,0.85,0.829,0.015,0.95,0.002,6260.059333333334,363.85673803420065
80.0,3.0,3.0,0.85,0.849,0.009,0.947,0.002,6144.564,469.69644655245156
80.0,3.0,3.0,0.85,0.86,0.012,0.969,0.002,6036.596333333333,628.7066332717421
80.0,4.0,0.5,0.65,0.877,0.008,0.954,0.006,1326.29,160.3820955302264
80.0,4.0,0.5,0.65,0.875,0.012,0.973,0.006,1545.73,185.91948553069955
80.0,4.0,0.5,0.65,0.862,0.014,0.947,0.009,1400.1166666666666,196.53678126215684
80.0,4.0,0.5,0.65,0.863,0.016,0.953,0.003,1323.7896666666666,160.57528481438922
80.0,4.0,0.5,0.65,0.87,0.018,0.96,0.002,1363.4766666666667,168.32440342650526
80.0,4.0,0.5,0.72,0.855,0.008,0.951,0.004,1363.039,170.61678545500735
80.0,4.0,0.5,0.72,0.879,0.027,0.941,0.005,1329.9066666666668,156.9276286133905
80.0,4.0,0.5,0.72,0.858,0.02,0.954,0.004,1417.8626666666667,172.86746890673854
80.0,4.0,0.5,0.72,0.86,0.006,0.944,0.003,1407.9503333333334,177.41149868753027
80.0,4.0,0.5,0.72,0.875,0.007,0.946,0.002,1239.862,165.2440587615785
80.0,4.0,0.5,0.78,0.869,0.015,0.958,0.005,1360.608,170.96508513728762
80.0,4.0,0.5,0.78,0.865,0.013,0.959,0.002,1247.8926666666666,164.3415056507502
80.0,4.0,0.5,0.78,0.868,0.011,0.948,0.002,1326.2723333333333,168.1166167710841
80.0,4.0,0.5,0.78,0.871,0.007,0.968,0.001,1427.0666666666666,169.93174381367228
80.0,4.0,0.5,0.78,0.87,0.014,0.955,0.007,1343.6016666666667,153.6562147475837
80.0,4.0,0.5,0.85,0.864,0.006,0.957,0.003,1243.6153333333334,155.05299319336672
80.0,4.0,0.5,0.85,0.854,0.007,0.937,0.006,1270.264,164.18965955260398
80.0,4.0,0.5,0.85,0.869,0.011,0.969,0.006,1329.5596666666668,174.1463630777922
80.0,4.0,0.5,0.85,0.856,0.011,0.939,0.004,1388.2013333333334,175.4040748240727
80.0,4.0,0.5,0.85,0.862,0.01,0.949,0.004,1297.4846666666667,153.9578744274622
80.0,4.0,1.3,0.65,0.874,0.017,0.977,0.004,1477.014,182.66206449068727
80.0,4.0,1.3,0.65,0.865,0.015,0.971,0.002,1330.3286666666668,169.0005226172064
80.0,4.0,1.3,0.65,0.881,0.011,0.97,0.003,1458.632,182.2679307393377
80.0,4.0,1.3,0.65,0.874,0.005,0.98,0.001,1524.77,177.2304030539531
80.0,4.0,1.3,0.65,0.868,0.01,0.977,0.003,1429.8716666666667,160.92140482408038
80.0,4.0,1.3,0.72,0.886,0.013,0.973,0.005,1575.919,185.0204829354487
80.0,4.0,1.3,0.72,0.865,0.009,0.984,0.004,1914.2213333333334,236.23867100502878
80.0,4.0,1.3,0.72,0.863,0.009,0.981,0.004,1651.3373333333334,224.18634408208027
80.0,4.0,1.3,0.72,0.86,0.012,0.977,0.005,1543.9863333333333,185.9352525653905
80.0,4.0,1.3,0.72,0.87,0.012,0.976,0.002,1540.4396666666667,187.1469717269172
80.0,4.0,1.3,0.78,0.872,0.01,0.982,0.003,1735.519,225.24215037524985
80.0,4.0,1.3,0.78,0.866,0.016,0.978,0.004,1633.546,188.90777613428202
80.0,4.0,1.3,0.78,0.857,0.013,0.973,0.001,1405.502,175.36724892636025
80.0,4.0,1.3,0.78,0.867,0.008,0.98,0.002,1650.467,202.28845801066686
80.0,4.0,1.3,0.78,0.867,0.008,0.981,0.007,1816.718,227.46248733069518
80.0,4.0,1.3,0.85,0.855,0.016,0.955,0.014,1536.4006666666667,207.2387949513529
80.0,4.0,1.3,0.85,0.868,0.01,0.979,0.008,1706.922,219.64027541110642
80.0,4.0,1.3,0.85,0.855,0.008,0.986,0.003,1714.999,226.3088045105625
80.0,4.0,1.3,0.85,0.86,0.009,0.989,0.002,1854.9716666666666,255.33583544792316
80.0,4.0,1.3,0.85,0.865,0.008,0.986,0.001,1594.5643333333333,208.95499641762314
80.0,4.0,2.1,0.65,0.859,0.006,0.997,0.001,2252.111,359.7754596212291
80.0,4.0,2.1,0.65,0.853,0.014,0.996,0.002,2099.2613333333334,281.3686615543545
80.0,4.0,2.1,0.65,0.84,0.009,0.98,0.001,1738.342,284.7269505497036
80.0,4.0,2.1,0.65,0.848,0.002,0.999,0.0,2230.1073333333334,338.18772471250674
80.0,4.0,2.1,0.65,0.85,0.009,0.999,0.0,2181.2763333333332,289.8049895588794
80.0,4.0,2.1,0.72,0.868,0.007,1.0,0.0,2762.4176666666667,371.23602001227675
80.0,4.0,2.1,0.72,0.856,0.009,0.999,0.0,2838.2076666666667,385.98120749749233
80.0,4.0,2.1,0.72,0.845,0.008,0.997,0.001,2984.395666666667,381.5501056408654
80.0,4.0,2.1,0.72,0.853,0.015,0.998,0.001,3223.1946666666668,503.6306571005736
80.0,4.0,2.1,0.72,0.862,0.012,0.999,0.0,2742.6876666666667,388.77800964203493
80.0,4.0,2.1,0.78,0.86,0.008,0.998,0.001,3508.9936666666667,512.8433909358251
80.0,4.0,2.1,0.78,0.872,0.01,1.0,0.0,3884.1406666666667,627.5125301906108
80.0,4.0,2.1,0.78,0.855,0.01,0.987,0.002,4728.326,639.1138414951336
80.0,4.0,2.1,0.78,0.854,0.016,0.986,0.003,4713.195333333333,715.6418060116076
80.0,4.0,2.1,0.78,0.882,0.008,0.999,0.0,3685.65,602.5068227829457
80.0,4.0,2.1,0.85,0.873,0.006,0.997,0.001,4879.673666666667,736.7442151157725
80.0,4.0,2.1,0.85,0.874,0.007,0.995,0.002,4551.7463333333335,781.7348433579566
80.0,4.0,2.1,0.85,0.867,0.012,0.996,0.002,4741.606,784.1102928993259
80.0,4.0,2.1,0.85,0.87,0.009,0.998,0.001,4888.541,773.7238505989502
80.0,4.0,2.1,0.85,0.868,0.018,0.994,0.002,5424.248666666666,615.3307540108453
80.0,4.0,3.0,0.65,0.852,0.006,1.0,0.0,4911.407666666667,625.1747959367488
80.0,4.0,3.0,0.65,0.847,0.007,0.998,0.0,6452.0813333333335,874.2954115847928
80.0,4.0,3.0,0.65,0.85,0.013,0.999,0.001,5323.185,696.9439380430825
80.0,4.0,3.0,0.65,0.855,0.01,0.998,0.001,5102.377,621.8476948077131
80.0,4.0,3.0,0.65,0.846,0.022,0.998,0.001,5273.220333333334,661.3030629899492
80.0,4.0,3.0,0.72,0.871,0.008,0.99,0.001,5671.623666666666,469.57790057300986
80.0,4.0,3.0,0.72,0.86,0.013,0.993,0.001,6436.330666666667,833.7983009454719
80.0,4.0,3.0,0.72,0.835,0.009,0.998,0.0,5778.707333333334,666.4489565447271
80.0,4.0,3.0,0.72,0.843,0.017,0.998,0.001,7078.063666666667,835.1856904983599
80.0,4.0,3.0,0.72,0.848,0.01,0.992,0.002,7717.521,1115.932240278205
80.0,4.0,3.0,0.78,0.846,0.012,0.993,0.001,7169.381333333334,845.5089926103027
80.0,4.0,3.0,0.78,0.864,0.013,0.991,0.001,7365.164666666667,844.2179411847525
80.0,4.0,3.0,0.78,0.849,0.012,0.986,0.001,7931.849,965.7946856685777
80.0,4.0,3.0,0.78,0.824,0.017,0.972,0.001,9070.765666666666,1424.0756028928224
80.0,4.0,3.0,0.78,0.848,0.003,0.982,0.002,7846.321666666667,1057.292929859344
80.0,4.0,3.0,0.85,0.864,0.015,0.972,0.002,10246.171666666667,1974.0040642132822
80.0,4.0,3.0,0.85,0.845,0.012,0.986,0.002,8207.094666666666,1158.565396674506
80.0,4.0,3.0,0.85,0.865,0.005,0.97,0.004,8590.477666666668,1133.8024449470415
80.0,4.0,3.0,0.85,0.856,0.008,0.972,0.002,8940.95,1183.5916993766614
80.0,4.0,3.0,0.85,0.843,0.007,0.975,0.002,11313.388333333334,2038.85167537936
80.0,5.0,0.5,0.65,0.883,0.006,0.964,0.002,1699.8233333333333,178.14856381371388
80.0,5.0,0.5,0.65,0.856,0.009,0.943,0.003,1756.9473333333333,196.03196480732987
80.0,5.0,0.5,0.65,0.862,0.017,0.975,0.001,1850.9326666666666,201.845467622029
80.0,5.0,0.5,0.65,0.869,0.014,0.957,0.006,1904.069,203.87610675522197
80.0,5.0,0.5,0.65,0.875,0.008,0.963,0.003,1761.221,173.30947317539608
80.0,5.0,0.5,0.72,0.863,0.012,0.96,0.003,1976.2606666666666,204.39143015194045
80.0,5.0,0.5,0.72,0.876,0.014,0.949,0.003,1866.5643333333333,186.1635692822011
80.0,5.0,0.5,0.72,0.871,0.012,0.964,0.007,2014.939,207.19936601978299
80.0,5.0,0.5,0.72,0.86,0.012,0.96,0.002,1979.238,211.61519799548108
80.0,5.0,0.5,0.72,0.875,0.005,0.951,0.003,1777.4106666666667,196.30928324005012
80.0,5.0,0.5,0.78,0.88,0.012,0.969,0.002,2000.6726666666666,211.14572894777885
80.0,5.0,0.5,0.78,0.855,0.019,0.949,0.005,1980.2053333333333,190.27074702001767
80.0,5.0,0.5,0.78,0.87,0.019,0.951,0.005,1756.8946666666666,197.12031750064617
80.0,5.0,0.5,0.78,0.859,0.015,0.956,0.009,2005.412,212.33182581987091
80.0,5.0,0.5,0.78,0.874,0.013,0.972,0.007,2139.682333333333,225.90501858352377
80.0,5.0,0.5,0.85,0.862,0.01,0.954,0.005,1992.4986666666666,211.90795800273497
80.0,5.0,0.5,0.85,0.867,0.009,0.952,0.004,1857.9403333333332,195.7693952244721
80.0,5.0,0.5,0.85,0.879,0.008,0.958,0.003,1789.8063333333334,197.6385981867465
80.0,5.0,0.5,0.85,0.875,0.015,0.958,0.002,2025.434,211.40480200474792
80.0,5.0,0.5,0.85,0.871,0.015,0.953,0.011,1840.3953333333334,187.6273870686852
80.0,5.0,1.3,0.65,0.876,0.015,0.985,0.005,2078.955,241.20059212544786
80.0,5.0,1.3,0.65,0.861,0.016,0.972,0.002,1896.0963333333334,215.22024003306214
80.0,5.0,1.3,0.65,0.866,0.008,0.972,0.003,2085.1013333333335,234.51141066386418
80.0,5.0,1.3,0.65,0.871,0.016,0.976,0.007,2121.6233333333334,224.2673868151339
80.0,5.0,1.3,0.65,0.864,0.014,0.982,0.002,2035.6796666666667,202.63174246208865
80.0,5.0,1.3,0.72,0.882,0.01,0.984,0.003,2381.3083333333334,281.3729054663145
80.0,5.0,1.3,0.72,0.859,0.018,0.977,0.002,2209.7696666666666,235.42880582720164
80.0,5.0,1.3,0.72,0.869,0.012,0.979,0.003,1938.5806666666667,214.44723552944725
80.0,5.0,1.3,0.72,0.869,0.009,0.988,0.001,2271.182333333333,262.0912737092854
80.0,5.0,1.3,0.72,0.872,0.014,0.992,0.001,2394.9763333333335,266.67100412284964
80.0,5.0,1.3,0.78,0.873,0.012,0.968,0.008,1949.234,207.20407792962635
80.0,5.0,1.3,0.78,0.856,0.006,0.99,0.002,2543.2543333333333,310.24087574209534
80.0,5.0,1.3,0.78,0.862,0.014,0.994,0.001,2073.4926666666665,239.11963521681406
80.0,5.0,1.3,0.78,0.866,0.017,0.994,0.003,2760.5343333333335,333.9437549766261
80.0,5.0,1.3,0.78,0.858,0.012,0.977,0.005,2376.2056666666667,279.4931842363165
80.0,5.0,1.3,0.85,0.876,0.008,0.995,0.002,2743.1566666666668,352.6916662689318
80.0,5.0,1.3,0.85,0.849,0.006,0.999,0.0,3515.088,445.3358331147405
80.0,5.0,1.3,0.85,0.852,0.01,0.994,0.003,2944.234,429.24778226256836
80.0,5.0,1.3,0.85,0.861,0.003,0.993,0.003,2783.067,346.98489954319336
80.0,5.0,1.3,0.85,0.851,0.016,1.0,0.0,2865.8436666666666,383.9778967942758
80.0,5.0,2.1,0.65,0.867,0.01,0.992,0.003,2542.154666666667,290.2833984428933
80.0,5.0,2.1,0.65,0.87,0.01,0.983,0.005,3936.225,533.8571585249498
80.0,5.0,2.1,0.65,0.86,0.011,0.99,0.003,2982.138,374.55297305276684
80.0,5.0,2.1,0.65,0.861,0.017,0.998,0.0,3673.644,461.1370374021155
80.0,5.0,2.1,0.65,0.878,0.011,1.0,0.0,3878.847,524.6280380018463
80.0,5.0,2.1,0.72,0.867,0.01,0.999,0.0,3942.9483333333333,613.85467036633
80.0,5.0,2.1,0.72,0.877,0.007,0.987,0.003,4248.100666666666,513.8779750091996
80.0,5.0,2.1,0.72,0.864,0.02,0.989,0.001,4222.647666666667,603.0744339310218
80.0,5.0,2.1,0.72,0.877,0.015,0.994,0.002,4272.173,569.582034832853
80.0,5.0,2.1,0.72,0.866,0.014,0.984,0.006,4531.974666666667,577.7909477987885
80.0,5.0,2.1,0.78,0.869,0.01,0.996,0.001,5822.189666666667,886.237653807688
80.0,5.0,2.1,0.78,0.861,0.009,1.0,0.0,7293.76,1161.0853091253316
80.0,5.0,2.1,0.78,0.865,0.012,1.0,0.0,6181.524,849.0937887481375
80.0,5.0,2.1,0.78,0.864,0.008,0.999,0.0,5499.897,795.0587393756933
80.0,5.0,2.1,0.78,0.871,0.022,0.998,0.0,5427.626,626.8161975071587
80.0,5.0,2.1,0.85,0.893,0.006,0.993,0.002,5837.654333333333,464.7556370623408
80.0,5.0,2.1,0.85,0.873,0.011,0.994,0.001,6872.241333333333,845.5202558730072
80.0,5.0,2.1,0.85,0.86,0.007,0.997,0.001,6550.151,818.3396651344315
80.0,5.0,2.1,0.85,0.865,0.019,0.998,0.001,7974.969333333333,1143.775072756683
80.0,5.0,2.1,0.85,0.866,0.011,0.998,0.001,7814.905,1056.0912318426851
80.0,5.0,3.0,0.65,0.846,0.009,0.999,0.0,7658.377666666666,1176.2556639755473
80.0,5.0,3.0,0.65,0.845,0.011,0.989,0.005,6626.136,910.129366356234
80.0,5.0,3.0,0.65,0.848,0.01,0.993,0.001,4986.042,902.3034723617104
80.0,5.0,3.0,0.65,0.853,0.015,1.0,0.0,6758.982666666667,988.7443284453716
80.0,5.0,3.0,0.65,0.861,0.009,0.996,0.002,7976.585666666667,1528.4427316699032
80.0,5.0,3.0,0.72,0.868,0.01,0.997,0.001,9703.557333333334,1727.324315247783
80.0,5.0,3.0,0.72,0.845,0.013,0.998,0.001,7581.898,1175.84517472724
80.0,5.0,3.0,0.72,0.876,0.011,0.991,0.002,9382.687666666667,1750.5344041505025
80.0,5.0,3.0,0.72,0.849,0.012,0.999,0.001,9935.163333333334,1713.155904947228
80.0,5.0,3.0,0.72,0.868,0.007,0.999,0.0,10037.992333333334,1521.806344975565
80.0,5.0,3.0,0.78,0.875,0.01,0.998,0.0,10242.465333333334,1822.7202667436995
80.0,5.0,3.0,0.78,0.867,0.017,0.983,0.003,8990.683,1573.0974858044665
80.0,5.0,3.0,0.78,0.864,0.02,0.99,0.003,10398.028333333334,1949.4123689453759
80.0,5.0,3.0,0.78,0.86,0.007,0.997,0.002,10469.305333333334,1860.4438669588742
80.0,5.0,3.0,0.78,0.861,0.005,0.999,0.0,10482.482333333333,1813.5917025857527
80.0,5.0,3.0,0.85,0.879,0.012,0.986,0.001,12564.101666666667,1935.425792600659
80.0,5.0,3.0,0.85,0.865,0.008,0.985,0.003,10667.649666666666,1934.8650553117536
80.0,5.0,3.0,0.85,0.866,0.011,0.986,0.002,11633.109,2041.1593678885047
80.0,5.0,3.0,0.85,0.871,0.012,0.99,0.001,11932.549666666666,1983.5301932497075
80.0,5.0,3.0,0.85,0.876,0.011,0.987,0.002,12573.989,1638.502117243775
120.0,2.0,0.5,0.65,0.812,0.007,0.885,0.003,350.978,56.08234584965219
120.0,2.0,0.5,0.65,0.823,0.016,0.912,0.005,451.51233333333334,78.61750344477296
120.0,2.0,0.5,0.65,0.803,0.014,0.871,0.007,342.911,56.430462331971015
120.0,2.0,0.5,0.65,0.83,0.013,0.901,0.007,497.24533333333335,81.75203042262757
120.0,2.0,0.5,0.65,0.82,0.009,0.898,0.004,443.3473333333333,72.9468803963237
120.0,2.0,0.5,0.72,0.813,0.023,0.885,0.003,469.225,77.55550942174686
120.0,2.0,0.5,0.72,0.816,0.019,0.906,0.006,425.046,73.08270577913765
120.0,2.0,0.5,0.72,0.803,0.009,0.883,0.005,378.21866666666665,67.40695946924835
120.0,2.0,0.5,0.72,0.83,0.009,0.909,0.004,461.21566666666666,74.24524555746913
120.0,2.0,0.5,0.72,0.813,0.005,0.895,0.004,415.50866666666667,71.49832113335871
120.0,2.0,0.5,0.78,0.803,0.023,0.881,0.018,385.52566666666667,74.07140704227389
120.0,2.0,0.5,0.78,0.819,0.012,0.882,0.002,451.8743333333333,75.06085447525598
120.0,2.0,0.5,0.78,0.799,0.01,0.88,0.008,415.23633333333333,74.93739039951211
120.0,2.0,0.5,0.78,0.825,0.007,0.899,0.003,458.1573333333333,77.0787340725198
120.0,2.0,0.5,0.78,0.821,0.009,0.9,0.004,410.6116666666667,73.4210836923261
120.0,2.0,0.5,0.85,0.817,0.016,0.902,0.003,451.65933333333334,81.92484327859421
120.0,2.0,0.5,0.85,0.839,0.017,0.922,0.006,537.495,87.264746461558
120.0,2.0,0.5,0.85,0.824,0.009,0.906,0.006,475.348,92.12783634349248
120.0,2.0,0.5,0.85,0.816,0.01,0.896,0.005,466.17266666666666,77.50256029892746
120.0,2.0,0.5,0.85,0.801,0.025,0.886,0.004,462.774,80.64636956490975
120.0,2.0,1.3,0.65,0.834,0.016,0.916,0.006,375.90866666666665,62.437181696663906
120.0,2.0,1.3,0.65,0.834,0.006,0.94,0.003,510.69166666666666,95.28721108953825
120.0,2.0,1.3,0.65,0.826,0.01,0.916,0.008,390.418,67.39842191030884
120.0,2.0,1.3,0.65,0.846,0.021,0.928,0.007,554.4063333333334,94.87067281246027
120.0,2.0,1.3,0.65,0.835,0.013,0.937,0.002,520.0483333333333,88.5825565817309
120.0,2.0,1.3,0.72,0.831,0.014,0.923,0.003,534.7853333333334,94.28842232686306
120.0,2.0,1.3,0.72,0.839,0.01,0.929,0.004,482.80833333333334,85.32548425815635
120.0,2.0,1.3,0.72,0.813,0.018,0.912,0.004,406.18733333333336,75.0010104791188
120.0,2.0,1.3,0.72,0.845,0.017,0.946,0.005,532.403,90.98285877570565
120.0,2.0,1.3,0.72,0.831,0.01,0.945,0.005,486.94433333333336,87.26330596470025
120.0,2.0,1.3,0.78,0.827,0.01,0.93,0.003,449.62733333333335,80.41893508095936
120.0,2.0,1.3,0.78,0.828,0.009,0.91,0.009,465.4676666666667,87.21157580594192
120.0,2.0,1.3,0.78,0.84,0.013,0.954,0.002,484.8976666666667,97.19095222578878
120.0,2.0,1.3,0.78,0.813,0.01,0.923,0.006,536.7116666666667,101.08889749731284
120.0,2.0,1.3,0.78,0.826,0.012,0.928,0.004,476.02633333333335,80.63581280396171
120.0,2.0,1.3,0.85,0.83,0.023,0.922,0.016,483.163,99.50539900427515
120.0,2.0,1.3,0.85,0.838,0.005,0.94,0.005,553.345,99.44834492505811
120.0,2.0,1.3,0.85,0.813,0.012,0.931,0.007,534.5863333333333,101.9684291658725
120.0,2.0,1.3,0.85,0.834,0.008,0.948,0.006,587.511,108.70777285456639
120.0,2.0,1.3,0.85,0.835,0.02,0.935,0.003,498.79966666666667,92.88400400439727
120.0,2.0,2.1,0.65,0.793,0.011,0.97,0.005,689.14,185.91597313481878
120.0,2.0,2.1,0.65,0.819,0.008,0.943,0.008,555.33,113.92923139680468
120.0,2.0,2.1,0.65,0.814,0.022,0.925,0.004,429.61133333333333,80.6030082454881
120.0,2.0,2.1,0.65,0.826,0.012,0.954,0.008,625.4673333333334,139.51641336973782
120.0,2.0,2.1,0.65,0.795,0.016,0.955,0.006,719.025,194.9520258294332
120.0,2.0,2.1,0.72,0.792,0.022,0.94,0.018,713.7253333333333,261.2596764872494
120.0,2.0,2.1,0.72,0.806,0.015,0.975,0.01,915.149,253.52198089909285
120.0,2.0,2.1,0.72,0.795,0.007,0.988,0.004,818.0183333333333,246.49452055550626
120.0,2.0,2.1,0.72,0.795,0.006,0.987,0.006,935.0593333333334,274.35396810122666
120.0,2.0,2.1,0.72,0.802,0.018,0.975,0.005,955.0036666666666,269.5396117825521
120.0,2.0,2.1,0.78,0.813,0.014,0.958,0.004,742.6713333333333,298.8793691634729
120.0,2.0,2.1,0.78,0.819,0.009,0.993,0.003,1580.6223333333332,398.4834078953462
120.0,2.0,2.1,0.78,0.797,0.021,0.971,0.007,1164.2313333333334,320.666679203742
120.0,2.0,2.1,0.78,0.833,0.014,1.0,0.0,1683.5706666666667,318.1047673428083
120.0,2.0,2.1,0.78,0.791,0.006,0.991,0.003,1556.6526666666666,408.5745627906314
120.0,2.0,2.1,0.85,0.826,0.017,0.996,0.001,2167.6556666666665,436.1509598383212
120.0,2.0,2.1,0.85,0.841,0.012,0.987,0.002,2649.440666666667,387.8645353894693
120.0,2.0,2.1,0.85,0.839,0.013,0.995,0.0,2187.5523333333335,489.0195353233742
120.0,2.0,2.1,0.85,0.848,0.011,0.997,0.001,2173.051,298.961183208902
120.0,2.0,2.1,0.85,0.799,0.008,0.994,0.002,2030.8196666666668,422.94913698917617
120.0,2.0,3.0,0.65,0.814,0.011,0.997,0.0,2369.867333333333,389.94465983378836
120.0,2.0,3.0,0.65,0.793,0.01,0.993,0.001,1591.578,345.00097572229174
120.0,2.0,3.0,0.65,0.816,0.012,0.999,0.001,2175.5743333333335,388.7108451551387
120.0,2.0,3.0,0.65,0.805,0.009,0.998,0.001,2058.5906666666665,303.58321392915576
120.0,2.0,3.0,0.65,0.808,0.011,0.999,0.001,2167.173333333333,348.6912922470088
120.0,2.0,3.0,0.72,0.795,0.012,0.994,0.0,3277.22,408.8066693846045
120.0,2.0,3.0,0.72,0.818,0.019,0.993,0.002,2369.829,347.08703484716915
120.0,2.0,3.0,0.72,0.808,0.013,0.994,0.001,2280.221666666667,390.3546915271062
120.0,2.0,3.0,0.72,0.808,0.025,0.988,0.003,2816.309,486.5684606017259
120.0,2.0,3.0,0.72,0.803,0.019,0.999,0.001,2698.3236666666667,388.59315516345487
120.0,2.0,3.0,0.78,0.815,0.01,0.985,0.002,3655.418,454.43888398331404
120.0,2.0,3.0,0.78,0.809,0.011,0.99,0.001,2988.1983333333333,489.154787019292
120.0,2.0,3.0,0.78,0.81,0.009,0.977,0.006,2694.1096666666667,458.1058512759057
120.0,2.0,3.0,0.78,0.798,0.006,0.988,0.001,3280.288,530.9470071385028
120.0,2.0,3.0,0.78,0.796,0.009,0.992,0.001,3490.3456666666666,478.2776092548715
120.0,2.0,3.0,0.85,0.813,0.011,0.963,0.002,4504.944333333333,814.6535766208985
120.0,2.0,3.0,0.85,0.799,0.009,0.976,0.002,3581.0733333333333,589.4191530274152
120.0,2.0,3.0,0.85,0.814,0.012,0.974,0.002,3880.807333333333,592.1821309469653
120.0,2.0,3.0,0.85,0.808,0.011,0.979,0.002,3913.191333333333,515.1009150883823
120.0,2.0,3.0,0.85,0.781,0.021,0.936,0.004,5101.624333333333,934.0463210540232
120.0,3.0,0.5,0.65,0.868,0.008,0.946,0.005,1076.608,140.819673114235
120.0,3.0,0.5,0.65,0.848,0.012,0.928,0.004,1037.8473333333334,127.86694136049744
120.0,3.0,0.5,0.65,0.847,0.015,0.937,0.003,917.247,132.1316060764166
120.0,3.0,0.5,0.65,0.859,0.019,0.955,0.002,1056.0473333333334,142.78855145361698
120.0,3.0,0.5,0.65,0.851,0.012,0.948,0.008,1102.9773333333333,149.51513686877624
120.0,3.0,0.5,0.72,0.89,0.012,0.963,0.004,1037.392,141.55758193281866
120.0,3.0,0.5,0.72,0.853,0.02,0.945,0.007,947.111,134.48264824504312
120.0,3.0,0.5,0.72,0.848,0.015,0.934,0.004,1013.1993333333334,138.23484702812416
120.0,3.0,0.5,0.72,0.856,0.013,0.96,0.003,1100.258,141.03200382419115
120.0,3.0,0.5,0.72,0.853,0.015,0.943,0.006,1007.9593333333333,122.9687860646848
120.0,3.0,0.5,0.78,0.882,0.005,0.948,0.006,1066.6096666666667,139.49050376240274
120.0,3.0,0.5,0.78,0.864,0.007,0.97,0.004,1235.941,158.29792434625708
120.0,3.0,0.5,0.78,0.853,0.008,0.943,0.01,1117.5293333333334,171.3830518834604
120.0,3.0,0.5,0.78,0.849,0.016,0.948,0.002,1053.9086666666667,137.9083523874541
120.0,3.0,0.5,0.78,0.852,0.007,0.95,0.008,1079.2506666666666,144.17607464331783
120.0,3.0,0.5,0.85,0.884,0.006,0.948,0.004,1093.885,141.53889845198034
120.0,3.0,0.5,0.85,0.87,0.012,0.972,0.002,1264.6043333333334,161.91967076677938
120.0,3.0,0.5,0.85,0.851,0.013,0.944,0.009,1142.6323333333332,175.2963466663112
120.0,3.0,0.5,0.85,0.85,0.015,0.949,0.002,1084.8513333333333,141.78837716196
120.0,3.0,0.5,0.85,0.858,0.01,0.953,0.01,1107.412,148.04765535461883
120.0,3.0,1.3,0.65,0.85,0.005,0.958,0.001,933.1113333333333,113.01374372860832
120.0,3.0,1.3,0.65,0.853,0.009,0.978,0.004,1237.5716666666667,168.9155041153877
120.0,3.0,1.3,0.65,0.844,0.01,0.969,0.007,978.7853333333334,116.88802584049783
120.0,3.0,1.3,0.65,0.857,0.013,0.972,0.005,1300.2413333333334,157.9310622546714
120.0,3.0,1.3,0.65,0.858,0.011,0.964,0.003,1215.872,153.37289726675962
120.0,3.0,1.3,0.72,0.871,0.015,0.963,0.005,1051.489,140.55122154929853
120.0,3.0,1.3,0.72,0.853,0.012,0.958,0.009,1063.1916666666666,143.3874852647732
120.0,3.0,1.3,0.72,0.854,0.012,0.982,0.003,1149.0736666666667,157.48053924180246
120.0,3.0,1.3,0.72,0.861,0.012,0.953,0.011,1214.8436666666666,164.20030418127192
120.0,3.0,1.3,0.72,0.845,0.007,0.961,0.008,1080.518,134.79738749693928
120.0,3.0,1.3,0.78,0.841,0.012,0.979,0.004,1325.4186666666667,182.24666083330277
120.0,3.0,1.3,0.78,0.858,0.021,0.967,0.004,1253.2223333333334,160.8401035227913
120.0,3.0,1.3,0.78,0.85,0.008,0.98,0.004,1437.4126666666666,212.68317682934452
120.0,3.0,1.3,0.78,0.853,0.004,0.979,0.004,1402.8533333333332,197.36736936203232
120.0,3.0,1.3,0.78,0.845,0.012,0.928,0.025,1208.7536666666667,172.12182793946334
120.0,3.0,1.3,0.85,0.85,0.014,0.957,0.006,1371.1263333333334,204.0258734569929
120.0,3.0,1.3,0.85,0.841,0.012,0.959,0.006,1254.5713333333333,191.43918332346584
120.0,3.0,1.3,0.85,0.842,0.009,0.948,0.012,1196.1316666666667,192.2247807400377
120.0,3.0,1.3,0.85,0.854,0.014,0.987,0.002,1439.781,246.810632616047
120.0,3.0,1.3,0.85,0.837,0.008,0.99,0.003,1408.0026666666668,223.1769507055382
120.0,3.0,2.1,0.65,0.846,0.014,0.995,0.002,1673.2736666666667,258.7562535924924
120.0,3.0,2.1,0.65,0.858,0.012,1.0,0.0,2640.628,389.8913442007487
120.0,3.0,2.1,0.65,0.851,0.014,0.999,0.001,2022.754,311.52248846164116
120.0,3.0,2.1,0.65,0.839,0.015,1.0,0.0,1890.3523333333333,285.3396517507201
120.0,3.0,2.1,0.65,0.836,0.017,0.995,0.001,1985.55,315.07339806252554
120.0,3.0,2.1,0.72,0.869,0.011,1.0,0.0,2835.3973333333333,456.157027925935
120.0,3.0,2.1,0.72,0.867,0.013,1.0,0.0,2243.9526666666666,279.2249471177117
120.0,3.0,2.1,0.72,0.832,0.015,0.998,0.0,1968.7483333333332,285.29167355045996
120.0,3.0,2.1,0.72,0.849,0.018,1.0,0.0,2565.098,421.84168799365165
120.0,3.0,2.1,0.72,0.857,0.012,1.0,0.0,2562.521,380.42404177312454
120.0,3.0,2.1,0.78,0.85,0.014,0.999,0.0,2712.058666666667,339.65905732791657
120.0,3.0,2.1,0.78,0.867,0.008,1.0,0.0,2506.5183333333334,386.96572242326005
120.0,3.0,2.1,0.78,0.854,0.016,0.997,0.001,3009.5816666666665,401.43367986574765
120.0,3.0,2.1,0.78,0.848,0.01,0.997,0.001,2905.65,432.8853568401993
120.0,3.0,2.1,0.78,0.857,0.01,0.992,0.004,2698.7566666666667,344.0157343139345
120.0,3.0,2.1,0.85,0.87,0.015,0.995,0.001,4000.1866666666665,586.2031819163803
120.0,3.0,2.1,0.85,0.85,0.005,0.992,0.001,5178.290666666667,749.4884087470748
120.0,3.0,2.1,0.85,0.865,0.017,0.999,0.0,4379.257666666666,792.8650553159864
120.0,3.0,2.1,0.85,0.854,0.011,0.999,0.001,4221.983333333334,731.175464387463
120.0,3.0,2.1,0.85,0.857,0.01,0.998,0.001,4070.9553333333333,646.4867923411549
120.0,3.0,3.0,0.65,0.83,0.008,0.998,0.0,4465.123666666666,819.0771077091719
120.0,3.0,3.0,0.65,0.845,0.014,0.998,0.001,4016.1113333333333,654.9639406905459
120.0,3.0,3.0,0.65,0.818,0.011,0.995,0.002,3309.4063333333334,488.95117264053636
120.0,3.0,3.0,0.65,0.86,0.006,0.999,0.001,4492.697666666667,686.9583143063016
120.0,3.0,3.0,0.65,0.848,0.012,0.998,0.001,3773.8026666666665,539.013800435161
120.0,3.0,3.0,0.72,0.848,0.013,0.997,0.001,5466.197666666667,673.0151567841709
120.0,3.0,3.0,0.72,0.834,0.015,0.999,0.0,4948.790666666667,809.514173756636
120.0,3.0,3.0,0.72,0.83,0.007,0.994,0.001,3857.979333333333,677.8638385198674
120.0,3.0,3.0,0.72,0.827,0.01,1.0,0.0,5183.3206666666665,731.6476974424842
120.0,3.0,3.0,0.72,0.837,0.021,0.996,0.001,5244.825333333333,582.1588077935054
120.0,3.0,3.0,0.78,0.851,0.008,0.993,0.001,5669.56,551.1041744231908
120.0,3.0,3.0,0.78,0.848,0.008,0.983,0.003,5876.706666666667,504.76827682500897
120.0,3.0,3.0,0.78,0.849,0.025,0.991,0.001,6248.518333333333,591.1034661240694
120.0,3.0,3.0,0.78,0.821,0.008,0.97,0.003,6968.634666666667,863.6275295895151
120.0,3.0,3.0,0.78,0.843,0.01,0.982,0.002,6343.308,810.2292834763914
120.0,3.0,3.0,0.85,0.851,0.016,0.973,0.003,6693.945333333333,687.2258830580298
120.0,3.0,3.0,0.85,0.838,0.017,0.983,0.002,5936.196666666667,729.1645790370115
120.0,3.0,3.0,0.85,0.851,0.011,0.963,0.003,6440.397,655.1599621906597
120.0,3.0,3.0,0.85,0.84,0.01,0.974,0.001,6418.071666666667,790.5384990818319
120.0,3.0,3.0,0.85,0.837,0.01,0.979,0.004,6817.4856666666665,762.1402629839355
120.0,4.0,0.5,0.65,0.868,0.009,0.962,0.003,1646.1546666666666,180.95678327035864
120.0,4.0,0.5,0.65,0.859,0.02,0.944,0.005,1612.7396666666666,161.52127381005334
120.0,4.0,0.5,0.65,0.867,0.017,0.954,0.004,1445.4703333333334,164.2167504242149
120.0,4.0,0.5,0.65,0.857,0.014,0.96,0.003,1638.116,177.44697952909763
120.0,4.0,0.5,0.65,0.865,0.014,0.961,0.01,1721.3506666666667,186.81464708695145
120.0,4.0,0.5,0.72,0.872,0.014,0.961,0.004,1448.0606666666667,154.66403908543907
120.0,4.0,0.5,0.72,0.861,0.006,0.949,0.007,1484.751,167.5449064151658
120.0,4.0,0.5,0.72,0.856,0.012,0.963,0.002,1568.7316666666666,173.74307563340633
120.0,4.0,0.5,0.72,0.872,0.011,0.951,0.007,1619.9446666666668,177.22389117974157
120.0,4.0,0.5,0.72,0.863,0.01,0.95,0.004,1498.063,149.64723083861813
120.0,4.0,0.5,0.78,0.873,0.011,0.967,0.004,1686.177,184.74354207296847
120.0,4.0,0.5,0.78,0.859,0.018,0.948,0.004,1659.7553333333333,165.29187761317522
120.0,4.0,0.5,0.78,0.866,0.022,0.956,0.002,1474.0503333333334,167.507300736084
120.0,4.0,0.5,0.78,0.861,0.013,0.962,0.004,1681.1176666666668,179.92278849890647
120.0,4.0,0.5,0.78,0.866,0.01,0.971,0.008,1794.1663333333333,192.4236316045638
120.0,4.0,0.5,0.85,0.858,0.009,0.965,0.002,1437.5476666666666,143.57305827077104
120.0,4.0,0.5,0.85,0.855,0.012,0.954,0.01,1727.627,182.47283232762808
120.0,4.0,0.5,0.85,0.861,0.008,0.962,0.003,1441.986,143.47970752223696
120.0,4.0,0.5,0.85,0.86,0.02,0.961,0.003,1842.3223333333333,188.97245416873739
120.0,4.0,0.5,0.85,0.867,0.006,0.959,0.005,1655.939,169.6485384915925
120.0,4.0,1.3,0.65,0.867,0.015,0.989,0.003,1804.2736666666667,225.193706483749
120.0,4.0,1.3,0.65,0.863,0.01,0.981,0.001,1608.277,189.98655988692113
120.0,4.0,1.3,0.65,0.858,0.013,0.984,0.001,1768.7766666666666,206.73891938599488
120.0,4.0,1.3,0.65,0.859,0.013,0.971,0.007,1824.5476666666666,202.82341349366504
120.0,4.0,1.3,0.65,0.853,0.014,0.976,0.005,1735.493,185.27547944704753
120.0,4.0,1.3,0.72,0.849,0.01,0.992,0.001,2002.437,239.2646666302124
120.0,4.0,1.3,0.72,0.87,0.024,0.98,0.004,1851.1446666666666,219.3148902185065
120.0,4.0,1.3,0.72,0.85,0.012,0.987,0.003,1981.615,244.27847655561743
120.0,4.0,1.3,0.72,0.853,0.012,0.992,0.001,2021.3736666666666,261.71656941538026
120.0,4.0,1.3,0.72,0.863,0.007,0.979,0.003,1803.2246666666667,219.1350303463344
120.0,4.0,1.3,0.78,0.868,0.01,0.992,0.001,2052.796333333333,293.82911505366894
120.0,4.0,1.3,0.78,0.845,0.008,0.985,0.002,1768.3396666666667,232.97224218038414
120.0,4.0,1.3,0.78,0.863,0.013,0.989,0.002,2002.316,265.7974632635408
120.0,4.0,1.3,0.78,0.837,0.011,0.973,0.01,2113.4533333333334,253.82987049509276
120.0,4.0,1.3,0.78,0.853,0.011,0.996,0.002,2210.8483333333334,267.7429351646007
120.0,4.0,1.3,0.85,0.838,0.018,0.995,0.001,2298.591,333.8099584878598
120.0,4.0,1.3,0.85,0.849,0.015,0.99,0.002,2143.913,341.8115866443578
120.0,4.0,1.3,0.85,0.849,0.008,0.984,0.003,2081.332,314.04262201597203
120.0,4.0,1.3,0.85,0.849,0.01,0.998,0.001,2480.0596666666665,353.90232000730873
120.0,4.0,1.3,0.85,0.854,0.022,0.996,0.001,2367.7,317.35273960269086
120.0,4.0,2.1,0.65,0.867,0.008,0.997,0.001,2342.9403333333335,278.4029324077285
120.0,4.0,2.1,0.65,0.864,0.015,0.985,0.002,3446.184333333333,474.2514709390882
120.0,4.0,2.1,0.65,0.838,0.003,0.962,0.019,2748.5086666666666,398.4686628308708
120.0,4.0,2.1,0.65,0.86,0.011,0.992,0.003,3399.4936666666667,444.3632425091236
120.0,4.0,2.1,0.65,0.86,0.009,0.996,0.002,3585.924,496.2667268959304
120.0,4.0,2.1,0.72,0.856,0.008,0.995,0.001,3782.5613333333336,518.6943900200023
120.0,4.0,2.1,0.72,0.87,0.018,1.0,0.0,3778.5353333333333,535.5750903638277
120.0,4.0,2.1,0.72,0.857,0.014,0.994,0.003,3947.5436666666665,567.1061753262984
120.0,4.0,2.1,0.72,0.853,0.009,0.994,0.001,4351.988,627.7922489613901
120.0,4.0,2.1,0.72,0.876,0.014,0.999,0.0,3743.723,547.6212878784631
120.0,4.0,2.1,0.78,0.874,0.012,0.997,0.001,4795.878,715.9688418145955
120.0,4.0,2.1,0.78,0.869,0.008,1.0,0.0,4393.3893333333335,734.8675076181345
120.0,4.0,2.1,0.78,0.855,0.014,0.999,0.0,3921.003,662.9829738821855
120.0,4.0,2.1,0.78,0.854,0.012,0.998,0.0,4918.136,851.1986921418523
120.0,4.0,2.1,0.78,0.864,0.017,0.999,0.0,4820.865333333333,735.2454827232119
120.0,4.0,2.1,0.85,0.86,0.012,0.999,0.0,5757.062666666667,944.9322748604203
120.0,4.0,2.1,0.85,0.872,0.017,0.998,0.0,5609.774333333334,792.6167788247707
120.0,4.0,2.1,0.85,0.844,0.008,0.999,0.0,6579.877333333333,852.1473477552003
120.0,4.0,2.1,0.85,0.865,0.008,0.999,0.001,6593.149,825.5699619852538
120.0,4.0,2.1,0.85,0.867,0.013,0.998,0.001,5665.590666666667,722.5629152165383
120.0,4.0,3.0,0.65,0.867,0.014,0.999,0.0,5010.525,423.82076247906184
120.0,4.0,3.0,0.65,0.864,0.008,0.999,0.0,6590.886333333333,838.6598103004711
120.0,4.0,3.0,0.65,0.834,0.009,1.0,0.0,5868.892333333333,658.5813035669088
120.0,4.0,3.0,0.65,0.858,0.016,1.0,0.0,6623.619333333333,752.2341827912073
120.0,4.0,3.0,0.65,0.841,0.009,1.0,0.0,7509.061333333333,1021.6279069398125
120.0,4.0,3.0,0.72,0.857,0.014,0.999,0.001,7935.541,1030.2093876096255
120.0,4.0,3.0,0.72,0.834,0.012,0.998,0.001,6628.335666666667,868.482690478758
120.0,4.0,3.0,0.72,0.868,0.013,0.999,0.001,7781.810666666666,942.7369018728868
120.0,4.0,3.0,0.72,0.855,0.007,0.997,0.001,8107.789666666667,1103.7113675050598
120.0,4.0,3.0,0.72,0.848,0.013,0.995,0.001,8079.224,1103.762911660531
120.0,4.0,3.0,0.78,0.852,0.007,0.999,0.0,8752.843666666668,1104.5808948314086
120.0,4.0,3.0,0.78,0.866,0.01,0.998,0.0,8628.117333333334,1019.170207358036
120.0,4.0,3.0,0.78,0.846,0.009,0.992,0.002,9543.59,1270.559169775261
120.0,4.0,3.0,0.78,0.824,0.006,0.984,0.004,10599.351666666667,1579.465095318841
120.0,4.0,3.0,0.78,0.855,0.01,0.992,0.001,9349.949666666667,1264.0221827430703
120.0,4.0,3.0,0.85,0.873,0.007,0.991,0.001,11308.871333333333,1903.416579586531
120.0,4.0,3.0,0.85,0.845,0.021,0.988,0.003,10689.554666666667,1488.9632206152337
120.0,4.0,3.0,0.85,0.859,0.015,0.991,0.001,9194.629666666666,1126.7341167521388
120.0,4.0,3.0,0.85,0.847,0.008,0.974,0.003,10657.389666666666,1356.946054378442
120.0,4.0,3.0,0.85,0.852,0.007,0.979,0.003,12018.007666666666,1869.0134870945212
120.0,5.0,0.5,0.65,0.884,0.003,0.959,0.004,2076.0516666666667,190.20699863715728
120.0,5.0,0.5,0.65,0.88,0.011,0.976,0.003,2388.196,226.15158393726392
120.0,5.0,0.5,0.65,0.869,0.012,0.965,0.005,2196.4306666666666,231.78704851556213
120.0,5.0,0.5,0.65,0.867,0.012,0.964,0.004,2071.086,192.78367653235927
120.0,5.0,0.5,0.65,0.882,0.013,0.968,0.003,2122.027666666667,200.7239918425852
120.0,5.0,0.5,0.72,0.879,0.006,0.963,0.005,2113.996,192.89314654492006
120.0,5.0,0.5,0.72,0.875,0.011,0.984,0.002,2420.018,230.75718625718534
120.0,5.0,0.5,0.72,0.874,0.005,0.965,0.004,2227.1633333333334,235.3622144459235
120.0,5.0,0.5,0.72,0.871,0.014,0.968,0.003,2096.3813333333333,196.02810321878735
120.0,5.0,0.5,0.72,0.882,0.018,0.97,0.002,2137.615,201.10678616512837
120.0,5.0,0.5,0.78,0.885,0.012,0.967,0.008,2073.3986666666665,205.18519049439757
120.0,5.0,0.5,0.78,0.871,0.016,0.965,0.003,1957.351,195.08888008375396
120.0,5.0,0.5,0.78,0.87,0.021,0.963,0.006,2066.2876666666666,199.26843431551208
120.0,5.0,0.5,0.78,0.877,0.014,0.962,0.006,2152.173333333333,200.13083376187242
120.0,5.0,0.5,0.78,0.87,0.014,0.96,0.006,2090.096666666667,185.70912916589631
120.0,5.0,0.5,0.85,0.887,0.011,0.969,0.008,2109.086333333333,210.43661329061118
120.0,5.0,0.5,0.85,0.872,0.013,0.972,0.003,1994.8786666666667,199.67667184281248
120.0,5.0,0.5,0.85,0.875,0.013,0.957,0.009,2089.480666666667,202.5228652758882
120.0,5.0,0.5,0.85,0.87,0.014,0.962,0.002,2174.518,203.67133903096592
120.0,5.0,0.5,0.85,0.866,0.009,0.969,0.003,2115.243,188.31603919386862
120.0,5.0,1.3,0.65,0.878,0.012,0.977,0.005,1993.295,191.9173345696874
120.0,5.0,1.3,0.65,0.855,0.018,0.994,0.002,2663.2753333333335,308.4248188103905
120.0,5.0,1.3,0.65,0.856,0.012,0.96,0.006,2123.7806666666665,213.34359273143303
120.0,5.0,1.3,0.65,0.864,0.014,0.993,0.002,2690.4333333333334,288.8182177233439
120.0,5.0,1.3,0.65,0.869,0.011,0.983,0.003,2516.0133333333333,279.42023994136304
120.0,5.0,1.3,0.72,0.874,0.014,0.99,0.004,2784.037,343.61032817859245
120.0,5.0,1.3,0.72,0.862,0.012,0.992,0.002,2611.7163333333333,291.55318760028825
120.0,5.0,1.3,0.72,0.851,0.009,0.99,0.001,2225.6253333333334,262.3474749733431
120.0,5.0,1.3,0.72,0.857,0.01,0.998,0.001,2674.7433333333333,325.2915166260702
120.0,5.0,1.3,0.72,0.859,0.012,0.996,0.002,2830.085,330.59073959857574
120.0,5.0,1.3,0.78,0.857,0.003,0.993,0.003,2633.6993333333335,314.90875651986704
120.0,5.0,1.3,0.78,0.854,0.008,0.984,0.003,2468.5113333333334,340.6490910084583
120.0,5.0,1.3,0.78,0.856,0.005,0.998,0.001,2787.960666666667,354.88934395511075
120.0,5.0,1.3,0.78,0.859,0.012,0.987,0.006,2705.402666666667,339.29545216456347
120.0,5.0,1.3,0.78,0.86,0.014,0.999,0.0,2674.7613333333334,312.15446663186196
120.0,5.0,1.3,0.85,0.85,0.012,0.989,0.005,3205.83,446.0290421411293
120.0,5.0,1.3,0.85,0.858,0.015,0.994,0.002,3065.9873333333335,479.79738623668595
120.0,5.0,1.3,0.85,0.864,0.015,0.994,0.001,2952.4416666666666,415.7367259022095
120.0,5.0,1.3,0.85,0.859,0.014,0.998,0.001,3487.634,496.22474684091816
120.0,5.0,1.3,0.85,0.861,0.021,0.998,0.001,3321.144,464.3912559440943
120.0,5.0,2.1,0.65,0.852,0.012,0.981,0.005,4366.689333333334,797.9870100151311
120.0,5.0,2.1,0.65,0.847,0.007,0.993,0.002,3420.1,503.2839808034161
120.0,5.0,2.1,0.65,0.848,0.012,0.995,0.001,4224.477,750.5192061528694
120.0,5.0,2.1,0.65,0.851,0.011,0.994,0.001,4073.766,637.9629842271415
120.0,5.0,2.1,0.65,0.856,0.006,0.995,0.002,3909.424666666667,617.9504340896247
120.0,5.0,2.1,0.72,0.837,0.013,0.999,0.0,5516.576,1045.6454785875883
120.0,5.0,2.1,0.72,0.855,0.011,0.998,0.001,4186.564666666667,653.4227741808685
120.0,5.0,2.1,0.72,0.85,0.013,0.998,0.001,5510.002333333333,1089.653604130485
120.0,5.0,2.1,0.72,0.854,0.02,0.999,0.0,5868.434,903.7622981979277
120.0,5.0,2.1,0.72,0.846,0.007,0.997,0.001,5478.763,910.1644639831126
120.0,5.0,2.1,0.78,0.852,0.013,0.999,0.001,6928.718,1056.3090544324612
120.0,5.0,2.1,0.78,0.861,0.009,1.0,0.0,8456.261,1589.6089769329017
120.0,5.0,2.1,0.78,0.876,0.011,0.999,0.0,7164.817333333333,1014.2541528792913
120.0,5.0,2.1,0.78,0.841,0.017,0.998,0.0,6511.398666666667,903.4518993273645
120.0,5.0,2.1,0.78,0.852,0.012,1.0,0.0,6496.179666666667,964.0187059318691
120.0,5.0,2.1,0.85,0.842,0.008,0.999,0.001,7844.88,1069.1163221402367
120.0,5.0,2.1,0.85,0.86,0.007,0.999,0.001,7371.2643333333335,888.2361554195796
120.0,5.0,2.1,0.85,0.866,0.012,0.999,0.0,8562.706333333334,1272.626769622535
120.0,5.0,2.1,0.85,0.865,0.011,0.998,0.0,8307.656,1235.1471203857998
120.0,5.0,2.1,0.85,0.863,0.012,0.997,0.001,7670.544666666667,928.7674308843714
120.0,5.0,3.0,0.65,0.851,0.016,1.0,0.0,8494.81,1446.7468502010527
120.0,5.0,3.0,0.65,0.863,0.015,0.998,0.001,8071.484333333334,1246.0386330639546
120.0,5.0,3.0,0.65,0.873,0.01,0.99,0.002,7076.994,1072.4112202403205
120.0,5.0,3.0,0.65,0.864,0.012,0.999,0.0,10093.238666666666,1310.0799557170378
120.0,5.0,3.0,0.65,0.861,0.009,1.0,0.0,8476.962666666666,1452.9882185595618
120.0,5.0,3.0,0.72,0.865,0.009,0.997,0.001,9779.789666666667,1623.0546012873037
120.0,5.0,3.0,0.72,0.852,0.007,0.994,0.002,8512.675,1274.8317910120536
120.0,5.0,3.0,0.72,0.862,0.012,0.999,0.001,10282.437666666667,1818.0721775499514
120.0,5.0,3.0,0.72,0.864,0.009,0.997,0.001,10198.302333333333,1705.4668130049386
120.0,5.0,3.0,0.72,0.868,0.008,0.996,0.002,9392.124333333333,1567.8344158555847
120.0,5.0,3.0,0.78,0.881,0.008,0.993,0.001,12134.693333333333,1803.8414601313743
120.0,5.0,3.0,0.78,0.866,0.008,0.984,0.002,13030.216666666667,1066.7085801921514
120.0,5.0,3.0,0.78,0.877,0.007,0.995,0.001,12261.110333333334,1888.8419644921478
120.0,5.0,3.0,0.78,0.879,0.02,0.995,0.001,11660.721666666666,1628.450608870455
120.0,5.0,3.0,0.78,0.868,0.017,0.997,0.001,11448.511,1776.426584807921
120.0,5.0,3.0,0.85,0.865,0.013,0.979,0.003,13850.639,1485.7913752202899
120.0,5.0,3.0,0.85,0.872,0.016,0.981,0.002,13446.198333333334,1253.9405112141042
120.0,5.0,3.0,0.85,0.868,0.021,0.988,0.004,12287.834,1906.4510481810612
120.0,5.0,3.0,0.85,0.869,0.007,0.971,0.001,14005.148666666666,1590.4648215427114
120.0,5.0,3.0,0.85,0.857,0.009,0.974,0.005,14133.179333333333,1171.191771589758
160.0,2.0,0.5,0.65,0.821,0.012,0.928,0.003,473.06666666666666,67.3930922935644
160.0,2.0,0.5,0.65,0.834,0.017,0.938,0.011,603.1503333333334,94.76025397402763
160.0,2.0,0.5,0.65,0.809,0.009,0.92,0.01,469.42,69.22943689886068
160.0,2.0,0.5,0.65,0.839,0.018,0.932,0.003,650.1866666666666,94.51197713635148
160.0,2.0,0.5,0.65,0.833,0.012,0.935,0.005,584.2306666666667,85.89154863094636
160.0,2.0,0.5,0.72,0.828,0.007,0.933,0.007,575.5556666666666,92.04705808021365
160.0,2.0,0.5,0.72,0.838,0.011,0.925,0.008,586.0556666666666,84.26072573401099
160.0,2.0,0.5,0.72,0.824,0.022,0.925,0.004,617.028,92.24928120406504
160.0,2.0,0.5,0.72,0.829,0.003,0.92,0.008,626.8216666666667,96.59466788539049
160.0,2.0,0.5,0.72,0.838,0.011,0.917,0.009,530.3786666666666,87.11026696983288
160.0,2.0,0.5,0.78,0.834,0.018,0.922,0.003,643.42,95.80372087415672
160.0,2.0,0.5,0.78,0.827,0.021,0.936,0.01,604.5936666666666,85.40490946010591
160.0,2.0,0.5,0.78,0.811,0.006,0.907,0.007,521.8643333333333,88.93016320624228
160.0,2.0,0.5,0.78,0.84,0.012,0.934,0.004,616.3563333333333,97.57678016083312
160.0,2.0,0.5,0.78,0.831,0.016,0.951,0.003,654.803,102.18557069208288
160.0,2.0,0.5,0.85,0.842,0.022,0.921,0.011,537.361,92.95688971596816
160.0,2.0,0.5,0.85,0.837,0.013,0.928,0.006,607.2313333333333,90.91109843260185
160.0,2.0,0.5,0.85,0.822,0.007,0.927,0.007,577.506,89.67217311221285
160.0,2.0,0.5,0.85,0.84,0.013,0.94,0.002,624.1316666666667,96.2025761811444
160.0,2.0,0.5,0.85,0.837,0.013,0.94,0.004,561.1166666666667,89.47770516850676
160.0,2.0,1.3,0.65,0.85,0.018,0.952,0.006,726.116,111.12484215511849
160.0,2.0,1.3,0.65,0.842,0.013,0.952,0.006,657.593,92.05151103775175
160.0,2.0,1.3,0.65,0.822,0.005,0.927,0.002,571.9176666666667,95.10718280562317
160.0,2.0,1.3,0.65,0.848,0.016,0.955,0.002,678.2686666666667,108.38863940264015
160.0,2.0,1.3,0.65,0.834,0.009,0.957,0.005,686.0876666666667,104.39253476449144
160.0,2.0,1.3,0.72,0.84,0.007,0.954,0.008,698.0733333333334,113.10913294493756
160.0,2.0,1.3,0.72,0.845,0.014,0.941,0.006,673.5056666666667,100.1795785970818
160.0,2.0,1.3,0.72,0.835,0.009,0.949,0.004,714.279,109.67851426935603
160.0,2.0,1.3,0.72,0.836,0.013,0.956,0.004,742.2936666666667,114.65736824653801
160.0,2.0,1.3,0.72,0.85,0.007,0.952,0.005,643.7833333333333,108.25848260323788
160.0,2.0,1.3,0.78,0.846,0.009,0.958,0.009,633.7406666666667,111.68770484206794
160.0,2.0,1.3,0.78,0.839,0.01,0.963,0.006,733.074,116.1052275194073
160.0,2.0,1.3,0.78,0.836,0.011,0.945,0.012,683.241,107.99700112657449
160.0,2.0,1.3,0.78,0.84,0.005,0.962,0.004,747.662,118.33620362903879
160.0,2.0,1.3,0.78,0.838,0.013,0.956,0.004,683.6893333333334,112.9278596548355
160.0,2.0,1.3,0.85,0.826,0.009,0.955,0.003,825.2753333333334,151.9886909988883
160.0,2.0,1.3,0.85,0.82,0.022,0.893,0.017,775.305,125.26264131149931
160.0,2.0,1.3,0.85,0.825,0.012,0.972,0.003,923.862,177.9264687710441
160.0,2.0,1.3,0.85,0.824,0.009,0.944,0.007,895.3286666666667,161.49810724862655
160.0,2.0,1.3,0.85,0.837,0.011,0.934,0.01,738.426,136.33899609918407
160.0,2.0,2.1,0.65,0.799,0.015,0.971,0.002,948.961,259.5858704661459
160.0,2.0,2.1,0.65,0.807,0.016,0.954,0.007,981.2043333333334,215.0395264005098
160.0,2.0,2.1,0.65,0.807,0.008,0.96,0.005,968.103,219.91441302849313
160.0,2.0,2.1,0.65,0.811,0.014,0.97,0.004,937.4073333333333,217.6146963776931
160.0,2.0,2.1,0.65,0.811,0.009,0.983,0.003,1197.4346666666668,265.55446346256144
160.0,2.0,2.1,0.72,0.834,0.007,0.998,0.001,1844.9703333333334,335.21308166580985
160.0,2.0,2.1,0.72,0.822,0.014,0.995,0.0,1388.452,291.159289214684
160.0,2.0,2.1,0.72,0.792,0.011,0.982,0.004,1115.8773333333334,292.7528871811325
160.0,2.0,2.1,0.72,0.819,0.013,0.984,0.008,1622.051,335.9925173755114
160.0,2.0,2.1,0.72,0.807,0.014,0.998,0.001,1621.205,303.08672957037675
160.0,2.0,2.1,0.78,0.842,0.009,0.998,0.0,1961.651,379.51611454456054
160.0,2.0,2.1,0.78,0.804,0.006,0.995,0.001,1742.9826666666668,368.51119073856574
160.0,2.0,2.1,0.78,0.818,0.013,0.999,0.0,1481.763,335.0157133095899
160.0,2.0,2.1,0.78,0.837,0.016,0.998,0.001,2012.3566666666666,332.944458013979
160.0,2.0,2.1,0.78,0.826,0.023,1.0,0.0,1987.1383333333333,297.85243527159923
160.0,2.0,2.1,0.85,0.832,0.021,0.998,0.001,2003.3283333333334,381.09546992482376
160.0,2.0,2.1,0.85,0.86,0.007,0.998,0.001,2669.135,480.9096097760992
160.0,2.0,2.1,0.85,0.857,0.013,0.997,0.001,2372.2563333333333,362.42638419393376
160.0,2.0,2.1,0.85,0.85,0.014,0.999,0.0,2993.297666666667,489.7321863983983
160.0,2.0,2.1,0.85,0.868,0.01,0.998,0.0,2911.3983333333335,491.5253242006515
160.0,2.0,3.0,0.65,0.806,0.018,1.0,0.0,2586.8123333333333,467.3219751390778
160.0,2.0,3.0,0.65,0.825,0.012,1.0,0.0,2693.247,457.6023965456621
160.0,2.0,3.0,0.65,0.821,0.008,0.996,0.001,2239.307,308.63158741612955
160.0,2.0,3.0,0.65,0.792,0.011,0.999,0.001,3147.3676666666665,499.2679906502007
160.0,2.0,3.0,0.65,0.816,0.01,0.997,0.002,2573.4646666666667,446.44459613508843
160.0,2.0,3.0,0.72,0.808,0.014,0.992,0.002,3626.357,604.284261655335
160.0,2.0,3.0,0.72,0.819,0.009,0.999,0.001,3139.2636666666667,498.33316179696044
160.0,2.0,3.0,0.72,0.825,0.012,1.0,0.0,2412.5866666666666,370.9390846067436
160.0,2.0,3.0,0.72,0.813,0.01,0.997,0.001,3244.175333333333,548.0892408402932
160.0,2.0,3.0,0.72,0.796,0.009,0.986,0.002,3486.4383333333335,558.7552352004309
160.0,2.0,3.0,0.78,0.783,0.008,0.987,0.003,4288.152,690.7985786242856
160.0,2.0,3.0,0.78,0.816,0.02,0.995,0.001,4956.273,766.7982845166431
160.0,2.0,3.0,0.78,0.814,0.005,0.996,0.001,4096.424333333333,687.8531255104941
160.0,2.0,3.0,0.78,0.81,0.018,0.993,0.001,4037.4106666666667,608.475404065677
160.0,2.0,3.0,0.78,0.811,0.019,0.995,0.001,3737.5653333333335,619.3561757165437
160.0,2.0,3.0,0.85,0.808,0.019,0.986,0.002,5078.303666666667,783.832233827211
160.0,2.0,3.0,0.85,0.799,0.013,0.978,0.002,4737.569666666666,664.786157958499
160.0,2.0,3.0,0.85,0.786,0.016,0.978,0.003,4165.909666666666,695.5381759279804
160.0,2.0,3.0,0.85,0.798,0.017,0.964,0.002,4925.4873333333335,699.8592852658946
160.0,2.0,3.0,0.85,0.816,0.017,0.977,0.008,5311.65,800.8596748702818
160.0,3.0,0.5,0.65,0.861,0.018,0.942,0.008,1073.5366666666666,133.67888634917466
160.0,3.0,0.5,0.65,0.857,0.014,0.95,0.004,1163.247,127.57546521307822
160.0,3.0,0.5,0.65,0.856,0.007,0.941,0.005,1129.5073333333332,127.04371142598475
160.0,3.0,0.5,0.65,0.871,0.015,0.959,0.003,1186.802,136.00193428526424
160.0,3.0,0.5,0.65,0.866,0.011,0.951,0.003,1126.317,129.9187945513145
160.0,3.0,0.5,0.72,0.87,0.014,0.962,0.001,1189.7156666666667,140.75221071522188
160.0,3.0,0.5,0.72,0.843,0.019,0.953,0.005,1099.02,134.35689388093687
160.0,3.0,0.5,0.72,0.861,0.011,0.941,0.005,1172.878,137.61615136313034
160.0,3.0,0.5,0.72,0.874,0.006,0.964,0.002,1255.1756666666668,138.4658615251026
160.0,3.0,0.5,0.72,0.853,0.008,0.953,0.004,1169.482,123.49936710769006
160.0,3.0,0.5,0.78,0.869,0.002,0.956,0.004,1091.4086666666667,125.60469335003194
160.0,3.0,0.5,0.78,0.85,0.011,0.946,0.006,1114.9123333333334,133.1770800396558
160.0,3.0,0.5,0.78,0.857,0.017,0.963,0.006,1180.6866666666667,141.2125719930378
160.0,3.0,0.5,0.78,0.862,0.011,0.935,0.003,1222.763,142.39818876774146
160.0,3.0,0.5,0.78,0.852,0.005,0.942,0.003,1140.6223333333332,124.83665741502195
160.0,3.0,0.5,0.85,0.873,0.006,0.952,0.007,1258.1736666666666,137.8070202852122
160.0,3.0,0.5,0.85,0.859,0.006,0.979,0.003,1449.976,159.5582237220424
160.0,3.0,0.5,0.85,0.856,0.016,0.947,0.007,1320.493,171.02554765589846
160.0,3.0,0.5,0.85,0.86,0.013,0.966,0.003,1250.271,139.58877781660436
160.0,3.0,0.5,0.85,0.866,0.014,0.963,0.003,1273.193,144.3047461139099
160.0,3.0,1.3,0.65,0.85,0.009,0.978,0.003,1371.084,163.1583472499441
160.0,3.0,1.3,0.65,0.875,0.021,0.964,0.002,1289.2213333333334,144.70104011912133
160.0,3.0,1.3,0.65,0.859,0.012,0.977,0.004,1330.756,154.87147724484325
160.0,3.0,1.3,0.65,0.862,0.008,0.955,0.002,1403.3893333333333,171.18657196040687
160.0,3.0,1.3,0.65,0.85,0.007,0.96,0.003,1234.1676666666667,152.18461230105436
160.0,3.0,1.3,0.72,0.854,0.009,0.935,0.013,1257.7386666666666,164.56254648275495
160.0,3.0,1.3,0.72,0.869,0.016,0.978,0.005,1434.053,168.73066365562207
160.0,3.0,1.3,0.72,0.84,0.018,0.982,0.001,1364.74,167.70198686956576
160.0,3.0,1.3,0.72,0.863,0.011,0.991,0.003,1458.6906666666666,187.76690242484756
160.0,3.0,1.3,0.72,0.852,0.014,0.944,0.016,1408.6706666666666,182.0649029134635
160.0,3.0,1.3,0.78,0.849,0.007,0.971,0.004,1411.9986666666666,207.36438620189554
160.0,3.0,1.3,0.78,0.843,0.012,0.962,0.003,1317.0673333333334,176.5605055862972
160.0,3.0,1.3,0.78,0.856,0.009,0.994,0.002,1520.7383333333332,218.39617639484646
160.0,3.0,1.3,0.78,0.857,0.007,0.98,0.004,1522.149,211.8750499681357
160.0,3.0,1.3,0.78,0.851,0.007,0.981,0.006,1438.968,187.62352280386736
160.0,3.0,1.3,0.85,0.833,0.016,0.953,0.018,1761.808,284.0001498872844
160.0,3.0,1.3,0.85,0.829,0.008,0.995,0.002,1655.6416666666667,281.6491610684391
160.0,3.0,1.3,0.85,0.841,0.005,0.992,0.001,1579.28,257.7357540841653
160.0,3.0,1.3,0.85,0.844,0.005,0.997,0.001,1922.0773333333334,311.3510141617585
160.0,3.0,1.3,0.85,0.835,0.012,0.993,0.002,1836.0556666666666,261.99939930189834
160.0,3.0,2.1,0.65,0.853,0.019,0.992,0.003,2604.4446666666668,401.7257052661126
160.0,3.0,2.1,0.65,0.83,0.012,0.997,0.001,1925.1193333333333,290.32828848200256
160.0,3.0,2.1,0.65,0.871,0.01,0.998,0.001,2447.5003333333334,360.9040638912538
160.0,3.0,2.1,0.65,0.845,0.007,0.994,0.002,2453.5156666666667,379.8445599907356
160.0,3.0,2.1,0.65,0.851,0.007,0.979,0.006,2233.6686666666665,287.7747363562147
160.0,3.0,2.1,0.72,0.854,0.01,0.998,0.001,3079.2483333333334,393.4959660918464
160.0,3.0,2.1,0.72,0.843,0.007,1.0,0.0,3909.539333333333,589.4378857178724
160.0,3.0,2.1,0.72,0.854,0.012,1.0,0.0,3233.6576666666665,494.625532237492
160.0,3.0,2.1,0.72,0.856,0.006,1.0,0.0,3129.6296666666667,395.9671777473762
160.0,3.0,2.1,0.72,0.86,0.01,1.0,0.0,3012.0963333333334,431.1484126375613
160.0,3.0,2.1,0.78,0.859,0.014,0.997,0.001,4071.2793333333334,688.5038828064484
160.0,3.0,2.1,0.78,0.841,0.021,1.0,0.0,3685.9846666666667,516.4415369605956
160.0,3.0,2.1,0.78,0.854,0.011,0.998,0.001,3044.9313333333334,432.7616764666463
160.0,3.0,2.1,0.78,0.856,0.01,0.998,0.001,3683.135,495.2973263017545
160.0,3.0,2.1,0.78,0.839,0.009,0.999,0.0,4111.151333333333,678.3622609625496
160.0,3.0,2.1,0.85,0.843,0.014,0.999,0.001,4563.704,800.8457090584511
160.0,3.0,2.1,0.85,0.862,0.019,0.996,0.002,4347.178333333333,747.5230773676637
160.0,3.0,2.1,0.85,0.849,0.013,0.999,0.001,4364.141333333333,759.1583559167495
160.0,3.0,2.1,0.85,0.852,0.008,1.0,0.0,4666.175333333334,838.1076879444286
160.0,3.0,2.1,0.85,0.853,0.014,0.995,0.002,4861.77,683.4638135507493
160.0,3.0,3.0,0.65,0.845,0.013,0.995,0.003,5033.648666666667,649.0696566868271
160.0,3.0,3.0,0.65,0.825,0.011,0.998,0.001,4141.3983333333335,687.555637261855
160.0,3.0,3.0,0.65,0.848,0.007,1.0,0.0,4961.966333333334,619.3576913759573
160.0,3.0,3.0,0.65,0.819,0.008,1.0,0.0,4546.319333333333,566.4724118256383
160.0,3.0,3.0,0.65,0.805,0.019,1.0,0.0,4798.904333333333,600.0587758832926
160.0,3.0,3.0,0.72,0.842,0.01,0.995,0.001,6619.74,686.6981494077291
160.0,3.0,3.0,0.72,0.867,0.017,0.997,0.0,5371.964,494.76324981820005
160.0,3.0,3.0,0.72,0.825,0.02,0.998,0.001,5234.606333333333,666.4903835464461
160.0,3.0,3.0,0.72,0.855,0.008,0.999,0.0,5988.747666666667,746.2068310202086
160.0,3.0,3.0,0.72,0.833,0.01,1.0,0.0,5869.1106666666665,686.885935037899
160.0,3.0,3.0,0.78,0.848,0.017,0.995,0.002,6035.222333333333,487.6262088607306
160.0,3.0,3.0,0.78,0.855,0.013,0.998,0.0,6592.185333333333,732.8770203689627
160.0,3.0,3.0,0.78,0.841,0.009,0.996,0.001,6732.823666666666,754.766706057721
160.0,3.0,3.0,0.78,0.854,0.013,1.0,0.0,7165.073666666666,702.2533547373689
160.0,3.0,3.0,0.78,0.855,0.01,0.997,0.001,7489.696,672.0963583574406
160.0,3.0,3.0,0.85,0.856,0.009,0.99,0.001,7631.859666666666,818.0189431220743
160.0,3.0,3.0,0.85,0.844,0.018,0.974,0.007,7609.245,865.7930755334479
160.0,3.0,3.0,0.85,0.848,0.015,0.986,0.001,7329.247,858.6561139309497
160.0,3.0,3.0,0.85,0.844,0.013,0.993,0.001,7681.954333333333,806.3884776672813
160.0,3.0,3.0,0.85,0.854,0.013,0.972,0.006,7890.898666666667,710.600917345
160.0,4.0,0.5,0.65,0.872,0.006,0.957,0.003,1538.079,154.33827595793167
160.0,4.0,0.5,0.65,0.854,0.01,0.954,0.008,1579.66,167.32764585287953
160.0,4.0,0.5,0.65,0.852,0.008,0.965,0.003,1669.9286666666667,174.0159405865515
160.0,4.0,0.5,0.65,0.854,0.013,0.953,0.005,1709.6556666666668,175.83664512236604
160.0,4.0,0.5,0.65,0.865,0.01,0.959,0.003,1584.6763333333333,148.7248519018332
160.0,4.0,0.5,0.72,0.867,0.008,0.963,0.007,1709.889,181.25524363633363
160.0,4.0,0.5,0.72,0.862,0.009,0.972,0.003,1598.3393333333333,170.4696791794821
160.0,4.0,0.5,0.72,0.87,0.021,0.96,0.004,1684.2006666666666,173.58379263693433
160.0,4.0,0.5,0.72,0.86,0.013,0.969,0.001,1788.7163333333333,178.72275512616991
160.0,4.0,0.5,0.72,0.856,0.017,0.961,0.005,1679.1243333333334,157.49276874792977
160.0,4.0,0.5,0.78,0.873,0.015,0.965,0.007,1729.3546666666666,182.91715669000422
160.0,4.0,0.5,0.78,0.868,0.006,0.971,0.004,1617.731,173.2214054488263
160.0,4.0,0.5,0.78,0.866,0.018,0.961,0.005,1699.9876666666667,175.93106845548596
160.0,4.0,0.5,0.78,0.863,0.01,0.969,0.001,1798.941,179.5842574364468
160.0,4.0,0.5,0.78,0.853,0.014,0.965,0.004,1723.126,164.40865181208275
160.0,4.0,0.5,0.85,0.862,0.02,0.954,0.008,1630.4603333333334,180.27583243432517
160.0,4.0,0.5,0.85,0.872,0.013,0.978,0.002,1766.4443333333334,175.3641285094785
160.0,4.0,0.5,0.85,0.847,0.011,0.96,0.003,1718.1783333333333,168.3818751050388
160.0,4.0,0.5,0.85,0.86,0.01,0.961,0.004,1826.2763333333332,184.31762071640233
160.0,4.0,0.5,0.85,0.877,0.022,0.962,0.004,1699.396,170.72224181595865
160.0,4.0,1.3,0.65,0.865,0.012,0.976,0.005,1953.1373333333333,218.6332083792904
160.0,4.0,1.3,0.65,0.844,0.017,0.999,0.001,2556.02,309.8621116991664
160.0,4.0,1.3,0.65,0.861,0.011,0.997,0.001,2165.012333333333,290.74728347465066
160.0,4.0,1.3,0.65,0.861,0.014,0.987,0.005,2014.709,230.1659147636765
160.0,4.0,1.3,0.65,0.855,0.011,0.994,0.002,2069.3906666666667,256.30635324331877
160.0,4.0,1.3,0.72,0.864,0.014,0.99,0.001,1983.8676666666668,281.5939881363868
160.0,4.0,1.3,0.72,0.852,0.017,0.994,0.002,2213.6516666666666,266.44565111335976
160.0,4.0,1.3,0.72,0.85,0.011,0.992,0.002,2116.5106666666666,257.81702792139663
160.0,4.0,1.3,0.72,0.843,0.01,0.995,0.001,2269.0036666666665,284.8839968359441
160.0,4.0,1.3,0.72,0.854,0.014,0.99,0.003,2197.1896666666667,268.60977462958334
160.0,4.0,1.3,0.78,0.849,0.011,0.998,0.001,2268.614,281.82464820759265
160.0,4.0,1.3,0.78,0.844,0.006,0.983,0.006,2126.4753333333333,313.5713837787002
160.0,4.0,1.3,0.78,0.856,0.011,0.997,0.001,2393.5796666666665,314.9199183706162
160.0,4.0,1.3,0.78,0.853,0.012,0.986,0.006,2336.4263333333333,299.88431420558754
160.0,4.0,1.3,0.78,0.858,0.01,0.996,0.002,2295.4436666666666,278.81421561060256
160.0,4.0,1.3,0.85,0.857,0.007,0.999,0.0,2770.8843333333334,393.53125198373874
160.0,4.0,1.3,0.85,0.849,0.011,0.994,0.001,2477.9943333333335,353.46080541962345
160.0,4.0,1.3,0.85,0.835,0.007,1.0,0.0,2711.2633333333333,371.367906514401
160.0,4.0,1.3,0.85,0.851,0.012,0.989,0.005,2612.9083333333333,362.45485042584573
160.0,4.0,1.3,0.85,0.861,0.009,0.999,0.0,2734.6453333333334,365.2774920680927
160.0,4.0,2.1,0.65,0.846,0.012,0.999,0.0,3899.5713333333333,594.219878141267
160.0,4.0,2.1,0.65,0.84,0.011,0.994,0.002,3382.873,544.42415958301
160.0,4.0,2.1,0.65,0.851,0.012,0.993,0.001,2531.3296666666665,413.19717446584207
160.0,4.0,2.1,0.65,0.855,0.012,0.997,0.001,3624.6776666666665,552.8981459255301
160.0,4.0,2.1,0.65,0.857,0.012,0.992,0.003,3795.562,514.1860015169608
160.0,4.0,2.1,0.72,0.83,0.01,0.997,0.0,4699.491,840.9666148262565
160.0,4.0,2.1,0.72,0.843,0.012,0.996,0.002,3769.322,618.8331980288926
160.0,4.0,2.1,0.72,0.852,0.006,0.999,0.001,4637.085333333333,854.4553002068368
160.0,4.0,2.1,0.72,0.851,0.009,0.998,0.001,4977.496666666667,756.2927925009526
160.0,4.0,2.1,0.72,0.838,0.016,0.997,0.001,4536.501,618.9449959398654
160.0,4.0,2.1,0.78,0.847,0.011,1.0,0.0,5443.394666666667,885.0809587667987
160.0,4.0,2.1,0.78,0.864,0.011,0.999,0.001,5379.393666666667,760.5247837468692
160.0,4.0,2.1,0.78,0.84,0.018,0.997,0.002,6467.084,820.1264477367703
160.0,4.0,2.1,0.78,0.829,0.01,0.997,0.002,6736.359,927.546770493183
160.0,4.0,2.1,0.78,0.852,0.008,0.997,0.001,5604.608333333334,1013.9201629963553
160.0,4.0,2.1,0.85,0.86,0.017,0.998,0.0,6766.125333333333,990.5702715901696
160.0,4.0,2.1,0.85,0.866,0.009,0.993,0.003,6504.648,1055.8270275457055
160.0,4.0,2.1,0.85,0.855,0.005,0.998,0.001,6531.758,894.5267102976859
160.0,4.0,2.1,0.85,0.848,0.013,0.999,0.0,6807.8713333333335,935.0985927224763
160.0,4.0,2.1,0.85,0.864,0.012,0.999,0.001,7048.481333333333,739.3325208038817
160.0,4.0,3.0,0.65,0.855,0.004,1.0,0.0,6456.915666666667,831.3157297649044
160.0,4.0,3.0,0.65,0.866,0.007,0.999,0.0,6469.949666666666,584.4001578255738
160.0,4.0,3.0,0.65,0.854,0.009,0.996,0.002,5839.308666666667,631.3869912540873
160.0,4.0,3.0,0.65,0.838,0.017,1.0,0.0,7691.965666666667,990.1391416468811
160.0,4.0,3.0,0.65,0.853,0.015,1.0,0.0,6596.102333333333,737.4549544624555
160.0,4.0,3.0,0.72,0.856,0.004,0.999,0.001,8218.222333333333,1083.9726156909542
160.0,4.0,3.0,0.72,0.842,0.011,0.999,0.0,7028.257,796.0894277347238
160.0,4.0,3.0,0.72,0.866,0.016,0.995,0.002,8006.938,991.299131185604
160.0,4.0,3.0,0.72,0.844,0.009,0.999,0.0,8464.369333333334,1219.4653460675115
160.0,4.0,3.0,0.72,0.845,0.007,0.997,0.001,8423.945666666667,1176.4788166592243
160.0,4.0,3.0,0.78,0.868,0.013,0.995,0.001,9269.324,1225.3226352097367
160.0,4.0,3.0,0.78,0.853,0.01,0.999,0.001,8159.637333333333,980.9201940726654
160.0,4.0,3.0,0.78,0.869,0.018,0.994,0.001,9109.494,1178.1118096191042
160.0,4.0,3.0,0.78,0.853,0.005,0.992,0.001,9310.583666666667,1296.6068601031523
160.0,4.0,3.0,0.78,0.845,0.015,0.992,0.001,11300.753,1636.936617177851
160.0,4.0,3.0,0.85,0.831,0.007,0.965,0.002,11870.531666666666,1748.9746867800066
160.0,4.0,3.0,0.85,0.885,0.011,0.981,0.003,12755.252,1767.9031328561716
160.0,4.0,3.0,0.85,0.855,0.004,0.976,0.0,10632.476,1430.472715605113
160.0,4.0,3.0,0.85,0.861,0.014,0.986,0.004,11356.527,1847.134402420228
160.0,4.0,3.0,0.85,0.853,0.012,0.978,0.003,10265.292666666666,1279.4439158007497
160.0,5.0,0.5,0.65,0.863,0.01,0.952,0.006,2167.573,208.16021074563375
160.0,5.0,0.5,0.65,0.864,0.005,0.95,0.006,2016.9463333333333,193.18878190314837
160.0,5.0,0.5,0.65,0.872,0.013,0.953,0.004,1920.9953333333333,187.77038631856254
160.0,5.0,0.5,0.65,0.877,0.015,0.956,0.005,2195.4873333333335,204.01320832948267
160.0,5.0,0.5,0.65,0.869,0.011,0.964,0.006,1998.619,184.12264347168167
160.0,5.0,0.5,0.72,0.868,0.013,0.966,0.004,1904.5973333333334,163.50386292956165
160.0,5.0,0.5,0.72,0.867,0.01,0.958,0.002,2283.9873333333335,218.97837451726193
160.0,5.0,0.5,0.72,0.869,0.015,0.975,0.003,1919.4256666666668,166.05778655201794
160.0,5.0,0.5,0.72,0.877,0.014,0.977,0.002,2393.2926666666667,219.3499829334137
160.0,5.0,0.5,0.72,0.874,0.008,0.962,0.004,2176.531,201.9777835282881
160.0,5.0,0.5,0.78,0.874,0.007,0.964,0.006,2001.3743333333334,187.31642268602315
160.0,5.0,0.5,0.78,0.865,0.015,0.954,0.01,2020.3373333333334,202.35452109162827
160.0,5.0,0.5,0.78,0.869,0.014,0.977,0.003,2173.646,211.68145411758047
160.0,5.0,0.5,0.78,0.872,0.011,0.961,0.004,2181.7193333333335,208.46772706158194
160.0,5.0,0.5,0.78,0.874,0.011,0.972,0.002,2059.7226666666666,180.6103201727102
160.0,5.0,0.5,0.85,0.875,0.013,0.968,0.005,2054.301,211.8162341881912
160.0,5.0,0.5,0.85,0.873,0.007,0.974,0.006,2226.4483333333333,211.41232697556265
160.0,5.0,0.5,0.85,0.86,0.018,0.969,0.003,2162.074666666667,200.03620445198302
160.0,5.0,0.5,0.85,0.866,0.01,0.966,0.005,2276.6966666666667,214.94236899431644
160.0,5.0,0.5,0.85,0.878,0.013,0.963,0.004,2130.923333333333,199.01112059938316
160.0,5.0,1.3,0.65,0.864,0.018,0.998,0.001,2639.8396666666667,315.567252145332
160.0,5.0,1.3,0.65,0.858,0.01,0.986,0.003,2342.4736666666668,274.99750781880834
160.0,5.0,1.3,0.65,0.868,0.008,0.997,0.001,2661.6246666666666,316.81551801990736
160.0,5.0,1.3,0.65,0.865,0.011,0.982,0.005,2632.198,291.6107716277527
160.0,5.0,1.3,0.65,0.862,0.012,0.99,0.002,2563.2276666666667,260.73843311108203
160.0,5.0,1.3,0.72,0.867,0.006,0.99,0.004,2566.723,292.9635966082931
160.0,5.0,1.3,0.72,0.851,0.014,0.997,0.002,3276.126,395.2969105082069
160.0,5.0,1.3,0.72,0.863,0.007,0.993,0.002,2539.7503333333334,265.5484061332112
160.0,5.0,1.3,0.72,0.874,0.02,0.997,0.001,3392.707,398.0492806395543
160.0,5.0,1.3,0.72,0.861,0.015,0.997,0.0,3084.291333333333,366.2589500042589
160.0,5.0,1.3,0.78,0.865,0.008,0.996,0.002,3382.092,401.01604481948937
160.0,5.0,1.3,0.78,0.871,0.008,0.998,0.0,3303.645666666667,417.11079596979454
160.0,5.0,1.3,0.78,0.858,0.016,1.0,0.0,3793.0673333333334,470.94396212948965
160.0,5.0,1.3,0.78,0.864,0.009,0.991,0.003,3641.4646666666667,464.15056833412245
160.0,5.0,1.3,0.78,0.875,0.009,0.992,0.004,3104.3316666666665,417.5043444850471
160.0,5.0,1.3,0.85,0.867,0.013,0.998,0.001,4037.3753333333334,581.8889451246022
160.0,5.0,1.3,0.85,0.863,0.015,1.0,0.0,3358.728666666667,474.0393299909009
160.0,5.0,1.3,0.85,0.872,0.008,0.999,0.0,3801.551,513.5480056096671
160.0,5.0,1.3,0.85,0.864,0.011,0.999,0.0,3860.608333333333,502.6980242623023
160.0,5.0,1.3,0.85,0.866,0.011,0.997,0.0,4271.831,499.8738325207672
160.0,5.0,2.1,0.65,0.867,0.011,0.995,0.002,3966.466,534.3895964967882
160.0,5.0,2.1,0.65,0.852,0.011,0.998,0.0,5521.989333333333,1006.7676523837176
160.0,5.0,2.1,0.65,0.858,0.012,0.997,0.001,4307.514666666667,528.836950094156
160.0,5.0,2.1,0.65,0.851,0.016,0.998,0.0,5234.6776666666665,937.9182226796511
160.0,5.0,2.1,0.65,0.851,0.007,0.997,0.001,5647.694666666666,1012.4939180582217
160.0,5.0,2.1,0.72,0.847,0.015,0.999,0.001,6547.193333333334,941.0463038318336
160.0,5.0,2.1,0.72,0.852,0.007,0.998,0.001,5679.610333333333,931.802330518597
160.0,5.0,2.1,0.72,0.855,0.013,0.999,0.001,4580.147,685.0125785154119
160.0,5.0,2.1,0.72,0.832,0.01,1.0,0.0,6231.118,915.4024124627741
160.0,5.0,2.1,0.72,0.846,0.014,0.995,0.002,6301.404333333333,1016.6563507471714
160.0,5.0,2.1,0.78,0.844,0.014,0.999,0.001,6758.719333333333,794.32246761599
160.0,5.0,2.1,0.78,0.843,0.018,0.999,0.0,6170.904333333333,1029.2188752550267
160.0,5.0,2.1,0.78,0.842,0.007,0.999,0.0,7240.724666666667,951.4141717420208
160.0,5.0,2.1,0.78,0.841,0.006,0.999,0.0,6949.851,973.1995184950515
160.0,5.0,2.1,0.78,0.849,0.011,0.996,0.003,6746.584,891.4365673510744
160.0,5.0,2.1,0.85,0.879,0.009,0.998,0.001,9640.09,1618.3279770285544
160.0,5.0,2.1,0.85,0.864,0.008,0.998,0.001,11018.168666666666,1814.5535490081913
160.0,5.0,2.1,0.85,0.874,0.01,0.996,0.0,9187.763333333334,1460.0983494233835
160.0,5.0,2.1,0.85,0.867,0.013,0.99,0.005,9215.125,1763.6034467461782
160.0,5.0,2.1,0.85,0.883,0.014,0.999,0.0,8711.114333333333,1078.170196178641
160.0,5.0,3.0,0.65,0.871,0.009,0.999,0.001,6985.372,929.1263833745477
160.0,5.0,3.0,0.65,0.869,0.008,0.999,0.001,9533.292,1474.3884750643795
160.0,5.0,3.0,0.65,0.856,0.014,0.995,0.004,8318.882666666666,1549.8676931379946
160.0,5.0,3.0,0.65,0.854,0.008,0.999,0.001,9523.275333333333,1390.1307274946803
160.0,5.0,3.0,0.65,0.85,0.008,0.999,0.001,10246.482333333333,1519.6570710814626
160.0,5.0,3.0,0.72,0.856,0.01,0.996,0.002,10050.824666666667,1776.2744999740953
160.0,5.0,3.0,0.72,0.869,0.01,1.0,0.001,10399.557666666668,1587.0688441299226
160.0,5.0,3.0,0.72,0.871,0.003,0.997,0.001,10809.903666666667,1378.8528861774519
160.0,5.0,3.0,0.72,0.865,0.007,0.998,0.001,10382.752333333334,1487.808957380356
160.0,5.0,3.0,0.72,0.874,0.009,0.998,0.0,10968.965,1395.103268976291
160.0,5.0,3.0,0.78,0.86,0.011,0.992,0.001,11588.74,1850.3972102587416
160.0,5.0,3.0,0.78,0.874,0.015,0.998,0.0,11784.517333333333,1571.1746432843026
160.0,5.0,3.0,0.78,0.87,0.01,0.991,0.001,12176.654666666667,1262.295383053516
160.0,5.0,3.0,0.78,0.87,0.007,0.996,0.001,12178.172333333334,1418.8995085280783
160.0,5.0,3.0,0.78,0.885,0.009,0.987,0.001,12519.229333333333,1014.7941065751
160.0,5.0,3.0,0.85,0.86,0.013,0.973,0.001,14256.736333333334,1397.1802506524425
160.0,5.0,3.0,0.85,0.867,0.017,0.974,0.002,13704.89,1179.6743081178522
160.0,5.0,3.0,0.85,0.86,0.006,0.991,0.001,12497.873333333333,1885.696773950915
160.0,5.0,3.0,0.85,0.864,0.004,0.964,0.003,14183.670333333333,1529.3909928421037
160.0,5.0,3.0,0.85,0.857,0.008,0.968,0.007,14360.808666666666,1064.1551513093484
200.0,2.0,0.5,0.65,0.833,0.009,0.94,0.006,678.703,96.80354052237277
200.0,2.0,0.5,0.65,0.843,0.025,0.921,0.006,675.151,88.81856149289217
200.0,2.0,0.5,0.65,0.843,0.014,0.939,0.006,708.43,96.32404217016644
200.0,2.0,0.5,0.65,0.836,0.009,0.93,0.004,720.0166666666667,99.81248613720074
200.0,2.0,0.5,0.65,0.842,0.01,0.928,0.011,617.4606666666666,91.78620694974938
200.0,2.0,0.5,0.72,0.847,0.014,0.936,0.005,745.434,101.68695250948701
200.0,2.0,0.5,0.72,0.823,0.021,0.925,0.007,704.27,89.63536374296326
200.0,2.0,0.5,0.72,0.821,0.007,0.916,0.002,618.4873333333334,93.96656412197314
200.0,2.0,0.5,0.72,0.844,0.011,0.954,0.002,719.3416666666667,102.11943137272597
200.0,2.0,0.5,0.72,0.851,0.014,0.946,0.008,760.5303333333334,106.16091126157919
200.0,2.0,0.5,0.78,0.848,0.013,0.939,0.009,713.8616666666667,99.09515560252625
200.0,2.0,0.5,0.78,0.847,0.012,0.965,0.003,829.5376666666667,111.00062423798445
200.0,2.0,0.5,0.78,0.833,0.009,0.93,0.016,746.7276666666667,118.34450628520484
200.0,2.0,0.5,0.78,0.841,0.023,0.941,0.005,709.0756666666666,96.65694288507623
200.0,2.0,0.5,0.78,0.824,0.007,0.942,0.006,721.2886666666667,101.47236079292178
200.0,2.0,0.5,0.85,0.851,0.015,0.936,0.005,761.5153333333334,104.66988948541452
200.0,2.0,0.5,0.85,0.825,0.022,0.928,0.006,734.2826666666666,94.5665555727229
200.0,2.0,0.5,0.85,0.825,0.008,0.927,0.006,642.3406666666667,98.69615635654489
200.0,2.0,0.5,0.85,0.852,0.011,0.949,0.002,750.0283333333333,107.3376457596412
200.0,2.0,0.5,0.85,0.838,0.007,0.938,0.007,795.7263333333333,112.2285678421002
200.0,2.0,1.3,0.65,0.849,0.018,0.95,0.009,695.503,106.28134670612086
200.0,2.0,1.3,0.65,0.846,0.016,0.961,0.003,746.5533333333333,102.63265475579506
200.0,2.0,1.3,0.65,0.831,0.017,0.952,0.006,734.208,100.54117267401782
200.0,2.0,1.3,0.65,0.845,0.011,0.963,0.004,758.5213333333334,102.71883409687935
200.0,2.0,1.3,0.65,0.849,0.023,0.967,0.002,734.9486666666667,106.72321536677117
200.0,2.0,1.3,0.72,0.848,0.015,0.982,0.001,836.7953333333334,127.33831883957353
200.0,2.0,1.3,0.72,0.83,0.017,0.951,0.005,727.188,111.36743085839773
200.0,2.0,1.3,0.72,0.835,0.01,0.957,0.004,812.983,125.10374645735702
200.0,2.0,1.3,0.72,0.842,0.01,0.972,0.002,903.3106666666666,129.10741840119886
200.0,2.0,1.3,0.72,0.837,0.004,0.978,0.005,831.951,112.44614088086796
200.0,2.0,1.3,0.78,0.831,0.003,0.964,0.003,701.0823333333333,96.56150486204231
200.0,2.0,1.3,0.78,0.842,0.01,0.965,0.001,965.4673333333334,166.07946973127721
200.0,2.0,1.3,0.78,0.838,0.006,0.939,0.01,764.461,121.03675672703726
200.0,2.0,1.3,0.78,0.848,0.022,0.979,0.006,1081.6613333333332,191.18475524534435
200.0,2.0,1.3,0.78,0.838,0.01,0.939,0.008,912.772,136.89283162143053
200.0,2.0,1.3,0.85,0.818,0.018,0.925,0.003,984.6306666666667,192.1208445906436
200.0,2.0,1.3,0.85,0.817,0.005,0.919,0.006,893.938,168.00244290684188
200.0,2.0,1.3,0.85,0.837,0.01,0.969,0.005,844.1536666666667,169.119200723106
200.0,2.0,1.3,0.85,0.836,0.011,0.984,0.002,1057.0133333333333,223.56516981756246
200.0,2.0,1.3,0.85,0.824,0.015,0.977,0.009,1050.9973333333332,197.95689259589378
200.0,2.0,2.1,0.65,0.81,0.01,0.975,0.012,1467.914,267.6615647990325
200.0,2.0,2.1,0.65,0.817,0.01,0.998,0.001,1414.626,261.834707638235
200.0,2.0,2.1,0.65,0.802,0.017,0.988,0.004,1281.63,259.7782999020511
200.0,2.0,2.1,0.65,0.811,0.007,0.981,0.007,1654.045,261.5942130635411
200.0,2.0,2.1,0.65,0.823,0.009,0.994,0.003,1307.8586666666667,260.1357927920638
200.0,2.0,2.1,0.72,0.823,0.01,0.983,0.006,2001.8843333333334,399.7119891720649
200.0,2.0,2.1,0.72,0.842,0.009,0.999,0.0,2576.085,440.25322536202583
200.0,2.0,2.1,0.72,0.83,0.015,1.0,0.0,2007.9603333333334,335.14938971532615
200.0,2.0,2.1,0.72,0.848,0.014,1.0,0.0,2009.985,369.0738464160436
200.0,2.0,2.1,0.72,0.807,0.013,0.999,0.001,1879.3443333333332,314.2956757066328
200.0,2.0,2.1,0.78,0.843,0.004,0.999,0.0,2266.109,419.2318337773663
200.0,2.0,2.1,0.78,0.857,0.015,1.0,0.0,2337.8773333333334,299.2385095865095
200.0,2.0,2.1,0.78,0.829,0.016,0.998,0.001,2894.279666666667,478.1497332982862
200.0,2.0,2.1,0.78,0.86,0.009,0.999,0.0,2971.722333333333,470.6234353506232
200.0,2.0,2.1,0.78,0.852,0.004,0.998,0.001,2373.0826666666667,469.12853800021827
200.0,2.0,2.1,0.85,0.839,0.01,1.0,0.0,3167.1946666666668,557.580035006834
200.0,2.0,2.1,0.85,0.859,0.015,0.998,0.001,2950.5336666666667,462.80277606473175
200.0,2.0,2.1,0.85,0.828,0.012,0.999,0.001,3637.4393333333333,554.4924132209164
200.0,2.0,2.1,0.85,0.85,0.003,1.0,0.0,3497.7896666666666,532.46003927671
200.0,2.0,2.1,0.85,0.852,0.011,1.0,0.0,3182.7363333333333,548.5601645640663
200.0,2.0,3.0,0.65,0.794,0.003,0.999,0.0,3242.6,516.9742959438764
200.0,2.0,3.0,0.65,0.817,0.014,0.997,0.002,2889.6473333333333,451.8969251494809
200.0,2.0,3.0,0.65,0.831,0.016,0.998,0.001,2132.716,341.6668826171675
200.0,2.0,3.0,0.65,0.826,0.006,0.998,0.001,2915.300333333333,482.8513243914275
200.0,2.0,3.0,0.65,0.792,0.021,0.998,0.001,3308.8186666666666,517.03311800911
200.0,2.0,3.0,0.72,0.815,0.011,1.0,0.0,3733.5183333333334,516.8827710392582
200.0,2.0,3.0,0.72,0.798,0.018,0.999,0.001,3725.2753333333335,530.3433286009691
200.0,2.0,3.0,0.72,0.815,0.011,0.999,0.001,3610.8233333333333,509.8005827009442
200.0,2.0,3.0,0.72,0.787,0.023,0.996,0.002,4324.606666666667,579.6006038260791
200.0,2.0,3.0,0.72,0.809,0.013,0.999,0.0,4032.539333333333,589.8311784905538
200.0,2.0,3.0,0.78,0.82,0.016,0.998,0.001,4110.505666666667,553.2064557057839
200.0,2.0,3.0,0.78,0.809,0.017,0.992,0.002,3693.5286666666666,553.0455579590367
200.0,2.0,3.0,0.78,0.81,0.009,0.99,0.002,4482.321333333333,668.0023064417934
200.0,2.0,3.0,0.78,0.808,0.014,0.993,0.002,4393.854,646.7999680612237
200.0,2.0,3.0,0.78,0.812,0.009,0.995,0.001,4367.905333333333,614.7579700214459
200.0,2.0,3.0,0.85,0.795,0.013,0.971,0.01,5103.885666666667,694.9180545895722
200.0,2.0,3.0,0.85,0.82,0.007,0.98,0.006,5084.104666666667,687.8262036141268
200.0,2.0,3.0,0.85,0.803,0.018,0.97,0.002,5383.161666666667,544.9850134305427
200.0,2.0,3.0,0.85,0.827,0.02,0.993,0.001,5275.461666666667,646.8009208382608
200.0,2.0,3.0,0.85,0.821,0.01,0.973,0.007,5064.289666666667,697.2040493475031
200.0,3.0,0.5,0.65,0.852,0.008,0.966,0.003,1099.1073333333334,107.94538964783176
200.0,3.0,0.5,0.65,0.85,0.021,0.946,0.013,1342.5713333333333,143.2297184417008
200.0,3.0,0.5,0.65,0.854,0.012,0.962,0.003,1111.7376666666667,109.1109901944906
200.0,3.0,0.5,0.65,0.87,0.011,0.959,0.002,1408.6003333333333,144.0122585056178
200.0,3.0,0.5,0.65,0.862,0.017,0.957,0.005,1277.8176666666666,127.93734829161063
200.0,3.0,0.5,0.72,0.869,0.013,0.958,0.002,1161.1073333333334,121.77536072439104
200.0,3.0,0.5,0.72,0.852,0.009,0.955,0.005,1186.4196666666667,129.96117450950067
200.0,3.0,0.5,0.72,0.846,0.008,0.967,0.005,1256.0046666666667,136.83727797968245
200.0,3.0,0.5,0.72,0.859,0.012,0.945,0.004,1299.2306666666666,138.55586403886178
200.0,3.0,0.5,0.72,0.855,0.007,0.951,0.003,1203.0526666666667,119.43350127255846
200.0,3.0,0.5,0.78,0.843,0.013,0.954,0.005,1343.2663333333333,138.61530723512786
200.0,3.0,0.5,0.78,0.873,0.017,0.952,0.004,1281.1766666666667,127.06885845433919
200.0,3.0,0.5,0.78,0.858,0.019,0.964,0.004,1396.4083333333333,142.5991500578535
200.0,3.0,0.5,0.78,0.858,0.014,0.963,0.004,1360.079,143.03837046634257
200.0,3.0,0.5,0.78,0.863,0.008,0.954,0.007,1215.4713333333334,135.28671471442502
200.0,3.0,0.5,0.85,0.873,0.011,0.957,0.005,1348.212,134.3719504063255
200.0,3.0,0.5,0.85,0.858,0.01,0.984,0.002,1551.0963333333334,158.94039884986935
200.0,3.0,0.5,0.85,0.857,0.011,0.955,0.006,1416.9183333333333,165.83200836154106
200.0,3.0,0.5,0.85,0.863,0.012,0.972,0.002,1343.0886666666668,137.94774181390414
200.0,3.0,0.5,0.85,0.863,0.003,0.97,0.002,1367.9706666666666,141.79440447195213
200.0,3.0,1.3,0.65,0.87,0.01,0.963,0.007,1553.2123333333334,183.2597844078788
200.0,3.0,1.3,0.65,0.855,0.02,0.976,0.002,1492.9723333333334,171.1875041230781
200.0,3.0,1.3,0.65,0.845,0.009,0.974,0.005,1284.6223333333332,148.81900987851728
200.0,3.0,1.3,0.65,0.857,0.009,0.979,0.004,1531.2803333333334,184.70835140807492
200.0,3.0,1.3,0.65,0.858,0.016,0.992,0.002,1555.1783333333333,190.5789911398654
200.0,3.0,1.3,0.72,0.855,0.01,0.988,0.002,1356.61,179.18865821623123
200.0,3.0,1.3,0.72,0.835,0.009,0.996,0.002,1845.0906666666667,248.72429538122907
200.0,3.0,1.3,0.72,0.844,0.011,0.986,0.006,1406.273,175.57418129573227
200.0,3.0,1.3,0.72,0.859,0.015,0.986,0.006,1928.926,244.1844750538685
200.0,3.0,1.3,0.72,0.856,0.013,0.997,0.001,1726.3143333333333,222.00618954109265
200.0,3.0,1.3,0.78,0.84,0.008,0.99,0.004,1662.8306666666667,229.8171040767467
200.0,3.0,1.3,0.78,0.84,0.01,0.988,0.003,1539.016,234.11521040718392
200.0,3.0,1.3,0.78,0.845,0.012,0.997,0.002,1769.8216666666667,248.71444777204954
200.0,3.0,1.3,0.78,0.848,0.011,0.987,0.005,1739.102,239.9132904391362
200.0,3.0,1.3,0.78,0.83,0.012,0.984,0.008,1698.242,215.18450091955972
200.0,3.0,1.3,0.85,0.842,0.01,0.997,0.001,1917.0203333333334,291.2358676168778
200.0,3.0,1.3,0.85,0.843,0.011,0.999,0.001,2060.6336666666666,266.20734675541087
200.0,3.0,1.3,0.85,0.84,0.014,0.997,0.001,2196.932333333333,276.3272463726458
200.0,3.0,1.3,0.85,0.855,0.005,0.991,0.004,2361.85,336.31873200878954
200.0,3.0,1.3,0.85,0.844,0.022,0.996,0.002,1969.1623333333334,267.79894320408033
200.0,3.0,2.1,0.65,0.842,0.015,0.997,0.001,2935.3793333333333,400.1795265122337
200.0,3.0,2.1,0.65,0.838,0.013,0.998,0.0,2566.265,398.07834334671696
200.0,3.0,2.1,0.65,0.827,0.007,0.986,0.004,1877.958,292.0012629584559
200.0,3.0,2.1,0.65,0.843,0.017,1.0,0.0,2788.021,414.2508168074828
200.0,3.0,2.1,0.65,0.823,0.023,0.994,0.002,2939.864666666667,466.3684848753064
200.0,3.0,2.1,0.72,0.852,0.017,0.998,0.001,3098.4646666666667,458.1102888514462
200.0,3.0,2.1,0.72,0.843,0.01,0.997,0.001,2981.644333333333,473.38883436475584
200.0,3.0,2.1,0.72,0.855,0.012,1.0,0.0,3385.7283333333335,461.93017567292816
200.0,3.0,2.1,0.72,0.847,0.01,0.999,0.001,3305.779666666667,475.37581180916453
200.0,3.0,2.1,0.72,0.853,0.008,0.997,0.001,2859.4276666666665,396.2572541096952
200.0,3.0,2.1,0.78,0.835,0.004,1.0,0.0,3629.399,548.5278824262264
200.0,3.0,2.1,0.78,0.844,0.016,0.999,0.0,4406.837,656.4185837540454
200.0,3.0,2.1,0.78,0.837,0.007,1.0,0.0,3990.986,663.0970168866695
200.0,3.0,2.1,0.78,0.86,0.008,1.0,0.0,4748.665333333333,577.575189908831
200.0,3.0,2.1,0.78,0.849,0.008,0.99,0.003,4550.093333333333,818.4859257325212
200.0,3.0,2.1,0.85,0.855,0.011,1.0,0.0,5267.886333333333,640.1456163092026
200.0,3.0,2.1,0.85,0.862,0.012,1.0,0.0,5195.895,602.6307974000333
200.0,3.0,2.1,0.85,0.853,0.015,0.998,0.0,5874.175666666667,541.3772296725167
200.0,3.0,2.1,0.85,0.856,0.008,0.998,0.0,5795.044666666667,772.3937640035396
200.0,3.0,2.1,0.85,0.86,0.011,1.0,0.0,5368.153333333334,678.5059462934394
200.0,3.0,3.0,0.65,0.84,0.013,0.999,0.0,5664.977666666667,711.0613366659885
200.0,3.0,3.0,0.65,0.838,0.019,1.0,0.0,4969.605333333333,449.85517547860763
200.0,3.0,3.0,0.65,0.818,0.009,1.0,0.0,4711.933,696.3160674897092
200.0,3.0,3.0,0.65,0.836,0.012,1.0,0.0,5336.497,630.2485303362477
200.0,3.0,3.0,0.65,0.848,0.015,1.0,0.0,4685.135666666667,522.6106631721383
200.0,3.0,3.0,0.72,0.867,0.011,1.0,0.0,5740.324333333333,465.50979918925685
200.0,3.0,3.0,0.72,0.844,0.017,1.0,0.0,6253.733333333334,653.4407875920273
200.0,3.0,3.0,0.72,0.826,0.008,0.999,0.0,5651.363,535.9473996867603
200.0,3.0,3.0,0.72,0.846,0.008,1.0,0.0,6658.025666666666,629.9601228182798
200.0,3.0,3.0,0.72,0.849,0.014,0.999,0.0,7092.8386666666665,573.2691351406326
200.0,3.0,3.0,0.78,0.851,0.008,0.999,0.0,6888.430666666667,657.2530384305745
200.0,3.0,3.0,0.78,0.869,0.016,0.999,0.001,6948.837,720.7898300459481
200.0,3.0,3.0,0.78,0.85,0.011,0.998,0.001,7356.018333333333,642.5381840771972
200.0,3.0,3.0,0.78,0.837,0.012,0.992,0.0,7831.284,671.3762636137801
200.0,3.0,3.0,0.78,0.855,0.006,0.997,0.0,7308.545666666667,696.8825500622198
200.0,3.0,3.0,0.85,0.862,0.006,0.987,0.003,8418.800666666666,686.5007134734497
200.0,3.0,3.0,0.85,0.848,0.015,0.994,0.001,7531.062666666667,728.9966401885692
200.0,3.0,3.0,0.85,0.883,0.014,0.996,0.002,7897.714666666667,644.9160792316746
200.0,3.0,3.0,0.85,0.853,0.015,0.99,0.002,8057.3983333333335,566.0085750209287
200.0,3.0,3.0,0.85,0.847,0.002,0.983,0.002,8907.917666666666,1004.9561835661736
200.0,4.0,0.5,0.65,0.871,0.011,0.974,0.001,1839.004,187.899206980764
200.0,4.0,0.5,0.65,0.857,0.022,0.958,0.003,1802.6276666666668,166.86001628477553
200.0,4.0,0.5,0.65,0.853,0.013,0.962,0.003,1621.0403333333334,165.9611983965596
200.0,4.0,0.5,0.65,0.864,0.012,0.962,0.004,1831.2396666666666,180.51732020286093
200.0,4.0,0.5,0.65,0.866,0.007,0.973,0.007,1923.8333333333333,189.82301288890716
200.0,4.0,0.5,0.72,0.871,0.008,0.96,0.009,1813.4113333333332,173.84427170571047
200.0,4.0,0.5,0.72,0.868,0.012,0.977,0.001,2105.278333333333,209.876649957117
200.0,4.0,0.5,0.72,0.864,0.009,0.959,0.008,1927.1313333333333,215.06431150911325
200.0,4.0,0.5,0.72,0.858,0.016,0.966,0.006,1811.654,176.65613004931362
200.0,4.0,0.5,0.72,0.876,0.013,0.974,0.003,1837.9656666666667,180.1352801495464
200.0,4.0,0.5,0.78,0.864,0.011,0.957,0.006,1682.7726666666667,182.66460791905538
200.0,4.0,0.5,0.78,0.863,0.009,0.972,0.003,1830.3866666666668,179.20863210856285
200.0,4.0,0.5,0.78,0.853,0.006,0.962,0.004,1759.4516666666666,168.78743732050148
200.0,4.0,0.5,0.78,0.868,0.005,0.968,0.002,1881.0686666666666,185.6460160759958
200.0,4.0,0.5,0.78,0.871,0.014,0.964,0.002,1773.369,173.94159989011638
200.0,4.0,0.5,0.85,0.874,0.008,0.973,0.002,1711.406,168.89283337075022
200.0,4.0,0.5,0.85,0.856,0.011,0.955,0.005,1713.99,179.3505651882183
200.0,4.0,0.5,0.85,0.859,0.009,0.972,0.002,1828.4433333333334,189.42296619529063
200.0,4.0,0.5,0.85,0.866,0.018,0.963,0.005,1846.5056666666667,189.34854977322172
200.0,4.0,0.5,0.85,0.87,0.009,0.972,0.003,1762.9473333333333,166.5105298759077
200.0,4.0,1.3,0.65,0.859,0.008,0.991,0.003,1994.009,260.7951090779887
200.0,4.0,1.3,0.65,0.863,0.012,0.995,0.001,2115.8633333333332,236.69137286536002
200.0,4.0,1.3,0.65,0.845,0.007,0.996,0.001,2061.27,229.63761545821131
200.0,4.0,1.3,0.65,0.858,0.005,0.995,0.001,2125.514,246.49610099147614
200.0,4.0,1.3,0.65,0.864,0.014,0.988,0.003,2190.6686666666665,253.19329418099173
200.0,4.0,1.3,0.72,0.855,0.012,0.989,0.004,2223.104333333333,260.65619395650066
200.0,4.0,1.3,0.72,0.842,0.011,0.989,0.003,2139.0293333333334,285.07384623325623
200.0,4.0,1.3,0.72,0.859,0.013,0.999,0.0,2367.3483333333334,296.9848553892194
200.0,4.0,1.3,0.72,0.854,0.012,0.995,0.002,2385.3366666666666,301.391466350474
200.0,4.0,1.3,0.72,0.864,0.007,0.997,0.001,2198.999,243.07242747584513
200.0,4.0,1.3,0.78,0.867,0.008,0.999,0.001,2906.8373333333334,394.59395865398426
200.0,4.0,1.3,0.78,0.852,0.019,1.0,0.0,2865.3553333333334,357.7796990768978
200.0,4.0,1.3,0.78,0.853,0.014,0.996,0.001,2333.2613333333334,301.26531336717517
200.0,4.0,1.3,0.78,0.858,0.01,0.997,0.001,2815.7343333333333,359.20043302853753
200.0,4.0,1.3,0.78,0.867,0.008,0.994,0.003,3151.0363333333335,410.90343514410074
200.0,4.0,1.3,0.85,0.868,0.011,0.998,0.001,3473.283,489.606871116341
200.0,4.0,1.3,0.85,0.865,0.019,0.999,0.001,3648.2303333333334,514.8046709965722
200.0,4.0,1.3,0.85,0.849,0.015,0.996,0.002,2846.854333333333,411.8937247007884
200.0,4.0,1.3,0.85,0.867,0.01,1.0,0.0,3526.8386666666665,483.8393217845041
200.0,4.0,1.3,0.85,0.861,0.015,0.999,0.0,3677.592,499.7435230889274
200.0,4.0,2.1,0.65,0.835,0.019,0.995,0.002,3913.123,739.5246274044338
200.0,4.0,2.1,0.65,0.861,0.011,0.999,0.0,3747.5236666666665,558.4969944173579
200.0,4.0,2.1,0.65,0.84,0.023,0.996,0.001,3986.166333333333,745.3433387819036
200.0,4.0,2.1,0.65,0.846,0.006,0.998,0.001,3921.204,663.3773961459143
200.0,4.0,2.1,0.65,0.835,0.012,0.994,0.003,4273.707666666666,583.9766795068865
200.0,4.0,2.1,0.72,0.836,0.011,0.999,0.0,5170.95,848.2094624364119
200.0,4.0,2.1,0.72,0.845,0.008,0.999,0.0,4255.916333333334,700.5126341948128
200.0,4.0,2.1,0.72,0.845,0.019,0.999,0.001,5136.881333333334,886.2394397593062
200.0,4.0,2.1,0.72,0.858,0.011,1.0,0.0,5370.910333333333,708.0250779173637
200.0,4.0,2.1,0.72,0.832,0.011,0.996,0.001,4925.667666666666,709.1467007758142
200.0,4.0,2.1,0.78,0.845,0.02,1.0,0.0,5917.151333333333,907.1649054967288
200.0,4.0,2.1,0.78,0.849,0.012,1.0,0.0,5638.393,907.6839115119683
200.0,4.0,2.1,0.78,0.835,0.011,0.999,0.0,5168.737,758.6705212613707
200.0,4.0,2.1,0.78,0.84,0.01,0.999,0.0,6081.681,878.3112257275322
200.0,4.0,2.1,0.78,0.836,0.012,1.0,0.0,6053.174333333333,901.4285229241541
200.0,4.0,2.1,0.85,0.86,0.009,0.998,0.0,7758.447,854.1332213757211
200.0,4.0,2.1,0.85,0.874,0.005,0.996,0.002,8284.008666666667,1092.4091458445819
200.0,4.0,2.1,0.85,0.874,0.013,0.998,0.001,7493.21,872.1355115844478
200.0,4.0,2.1,0.85,0.867,0.012,0.998,0.001,7180.953666666666,672.0452119115366
200.0,4.0,2.1,0.85,0.867,0.019,1.0,0.0,7209.586666666667,789.7424604402515
200.0,4.0,3.0,0.65,0.842,0.007,1.0,0.0,6690.392666666667,753.053648252382
200.0,4.0,3.0,0.65,0.847,0.021,0.998,0.001,8275.246666666666,1295.849028432282
200.0,4.0,3.0,0.65,0.849,0.006,1.0,0.0,6830.219666666667,733.4704334508349
200.0,4.0,3.0,0.65,0.86,0.011,0.999,0.001,6646.792666666666,815.6592668998223
200.0,4.0,3.0,0.65,0.855,0.02,1.0,0.001,6986.870333333333,813.9966503943504
200.0,4.0,3.0,0.72,0.848,0.008,0.997,0.001,8370.854666666666,1116.349893870595
200.0,4.0,3.0,0.72,0.845,0.007,0.999,0.0,7203.634,770.9994777629014
200.0,4.0,3.0,0.72,0.862,0.015,0.998,0.001,8139.397,1030.569784499979
200.0,4.0,3.0,0.72,0.855,0.01,0.996,0.001,8716.347333333333,1264.6334720751656
200.0,4.0,3.0,0.72,0.852,0.012,0.997,0.001,8605.436,1215.6883119879042
200.0,4.0,3.0,0.78,0.856,0.011,0.997,0.001,9563.505,1151.4951590468513
200.0,4.0,3.0,0.78,0.858,0.007,0.994,0.002,8786.494333333334,995.2782394727059
200.0,4.0,3.0,0.78,0.866,0.01,0.996,0.002,8243.058,980.0235207905301
200.0,4.0,3.0,0.78,0.857,0.013,0.994,0.002,9383.653333333334,1277.518142006428
200.0,4.0,3.0,0.78,0.851,0.013,0.992,0.001,9425.989666666666,1278.7745947689748
200.0,4.0,3.0,0.85,0.855,0.006,0.976,0.001,10565.471333333333,1286.9236324836406
200.0,4.0,3.0,0.85,0.862,0.01,0.979,0.003,10153.969333333333,1327.02418329869
200.0,4.0,3.0,0.85,0.866,0.008,0.973,0.005,10465.122666666666,1380.9850492623814
200.0,4.0,3.0,0.85,0.857,0.013,0.981,0.001,10626.612333333333,1515.513866663017
200.0,4.0,3.0,0.85,0.856,0.01,0.975,0.005,11412.771333333334,1750.3331504920873
200.0,5.0,0.5,0.65,0.88,0.021,0.959,0.007,2023.824,204.06626135645254
200.0,5.0,0.5,0.65,0.877,0.008,0.976,0.002,2169.906,197.32634685717971
200.0,5.0,0.5,0.65,0.863,0.01,0.966,0.005,2104.299666666667,188.05477712594512
200.0,5.0,0.5,0.65,0.87,0.005,0.97,0.003,2198.5026666666668,199.8411902642251
200.0,5.0,0.5,0.65,0.877,0.011,0.96,0.003,2110.6866666666665,192.66663737023998
200.0,5.0,0.5,0.72,0.873,0.009,0.973,0.003,2028.2093333333332,188.3240191254306
200.0,5.0,0.5,0.72,0.865,0.007,0.958,0.011,2050.1946666666668,204.18160079911434
200.0,5.0,0.5,0.72,0.875,0.015,0.976,0.002,2196.732666666667,211.97138140062418
200.0,5.0,0.5,0.72,0.871,0.013,0.964,0.002,2215.396,211.5741741895735
200.0,5.0,0.5,0.72,0.875,0.01,0.974,0.003,2067.0613333333336,177.25559014660786
200.0,5.0,0.5,0.78,0.879,0.01,0.973,0.007,2199.2836666666667,218.49848176411254
200.0,5.0,0.5,0.78,0.864,0.014,0.975,0.001,2078.1646666666666,203.13942720429458
200.0,5.0,0.5,0.78,0.862,0.01,0.97,0.009,2197.4203333333335,215.66027988456494
200.0,5.0,0.5,0.78,0.876,0.02,0.975,0.006,2282.3436666666666,212.69467841616432
200.0,5.0,0.5,0.78,0.862,0.01,0.965,0.007,2242.1013333333335,201.465926974155
200.0,5.0,0.5,0.85,0.877,0.006,0.964,0.002,2014.7993333333334,177.17281318782767
200.0,5.0,0.5,0.85,0.87,0.009,0.983,0.003,2409.7033333333334,235.85790776557727
200.0,5.0,0.5,0.85,0.87,0.013,0.978,0.006,2043.1773333333333,183.48317421375606
200.0,5.0,0.5,0.85,0.874,0.009,0.984,0.002,2557.3506666666667,247.94208537389443
200.0,5.0,0.5,0.85,0.872,0.011,0.975,0.004,2309.356,217.35545219141233
200.0,5.0,1.3,0.65,0.867,0.013,0.976,0.008,2582.075333333333,299.9978760895187
200.0,5.0,1.3,0.65,0.866,0.011,0.966,0.016,2554.135,305.2256533151606
200.0,5.0,1.3,0.65,0.863,0.018,0.994,0.003,2793.1426666666666,329.6841442647122
200.0,5.0,1.3,0.65,0.86,0.008,0.992,0.004,2767.682,318.2154336441483
200.0,5.0,1.3,0.65,0.874,0.01,0.989,0.003,2474.691333333333,255.69764447791763
200.0,5.0,1.3,0.72,0.871,0.021,0.984,0.004,2881.8996666666667,330.7876150440877
200.0,5.0,1.3,0.72,0.866,0.008,0.988,0.006,2796.8703333333333,354.8319031878178
200.0,5.0,1.3,0.72,0.86,0.014,0.998,0.001,3058.569,369.6684873942237
200.0,5.0,1.3,0.72,0.852,0.008,0.998,0.002,3051.794,373.8462717445947
200.0,5.0,1.3,0.72,0.861,0.007,1.0,0.0,2841.766666666667,306.3330794340623
200.0,5.0,1.3,0.78,0.869,0.004,1.0,0.0,3140.9366666666665,370.358063665721
200.0,5.0,1.3,0.78,0.869,0.017,0.999,0.0,3782.2516666666666,452.03933198770306
200.0,5.0,1.3,0.78,0.856,0.007,0.989,0.005,3348.7546666666667,408.78754198021034
200.0,5.0,1.3,0.78,0.866,0.013,1.0,0.0,4182.938,492.65158698211866
200.0,5.0,1.3,0.78,0.869,0.006,0.999,0.0,3709.7,457.6826709996057
200.0,5.0,1.3,0.85,0.849,0.014,0.994,0.003,4208.913333333333,598.0834059634901
200.0,5.0,1.3,0.85,0.86,0.013,0.989,0.003,4049.002,588.6485153830481
200.0,5.0,1.3,0.85,0.865,0.017,0.995,0.001,3926.81,529.9682266262132
200.0,5.0,1.3,0.85,0.861,0.004,1.0,0.0,4436.441666666667,616.460230074811
200.0,5.0,1.3,0.85,0.853,0.017,0.995,0.002,4289.2356666666665,582.7106081019597
200.0,5.0,2.1,0.65,0.842,0.012,0.997,0.001,5119.395333333333,826.006586966203
200.0,5.0,2.1,0.65,0.825,0.009,0.999,0.0,7089.9186666666665,1107.6137636310273
200.0,5.0,2.1,0.65,0.849,0.008,0.998,0.001,5521.220333333334,889.9637470818061
200.0,5.0,2.1,0.65,0.838,0.017,0.999,0.0,5301.946666666667,807.9270469266118
200.0,5.0,2.1,0.65,0.834,0.014,0.999,0.0,5635.097333333333,779.6933088462126
200.0,5.0,2.1,0.72,0.833,0.021,0.999,0.0,7439.321333333333,765.6442377141547
200.0,5.0,2.1,0.72,0.859,0.011,0.998,0.001,6155.992666666667,809.3582910426974
200.0,5.0,2.1,0.72,0.837,0.015,0.996,0.002,5519.828,780.7028135485785
200.0,5.0,2.1,0.72,0.825,0.017,0.999,0.0,7041.453,963.5032719842385
200.0,5.0,2.1,0.72,0.829,0.013,0.999,0.001,6795.992,898.9148524393175
200.0,5.0,2.1,0.78,0.863,0.002,0.999,0.0,7658.613333333334,1224.9635460517
200.0,5.0,2.1,0.78,0.85,0.007,0.999,0.001,7600.323666666666,768.6230763991036
200.0,5.0,2.1,0.78,0.874,0.007,0.999,0.0,8525.674333333332,1399.6201954844355
200.0,5.0,2.1,0.78,0.839,0.017,0.992,0.004,9045.508666666667,1203.8929874611872
200.0,5.0,2.1,0.78,0.848,0.012,0.999,0.001,7923.705333333333,1232.4831054304782
200.0,5.0,2.1,0.85,0.873,0.013,0.999,0.0,10094.517,1722.3317194173137
200.0,5.0,2.1,0.85,0.878,0.009,1.0,0.0,11311.122666666666,1734.878439243767
200.0,5.0,2.1,0.85,0.882,0.005,0.998,0.001,9551.663,1545.8805982667827
200.0,5.0,2.1,0.85,0.877,0.015,0.995,0.002,9574.757,1799.006608645727
200.0,5.0,2.1,0.85,0.888,0.01,0.998,0.001,9054.748666666666,1180.9015107810171
200.0,5.0,3.0,0.65,0.853,0.015,0.997,0.001,8595.062333333333,1506.0571011024854
200.0,5.0,3.0,0.65,0.853,0.006,0.995,0.002,8073.160333333333,1397.8702102221635
200.0,5.0,3.0,0.65,0.826,0.009,1.0,0.0,8845.885333333334,1325.2894069541524
200.0,5.0,3.0,0.65,0.844,0.015,1.0,0.0,8057.127,1158.6824849245802
200.0,5.0,3.0,0.65,0.861,0.006,0.999,0.001,9162.904,1327.8038387191586
200.0,5.0,3.0,0.72,0.863,0.009,0.999,0.0,10367.679333333333,1625.9875290131295
200.0,5.0,3.0,0.72,0.852,0.013,0.994,0.003,9011.848333333333,1455.1322249188293
200.0,5.0,3.0,0.72,0.855,0.01,0.999,0.0,10920.607666666667,1858.58380684718
200.0,5.0,3.0,0.72,0.858,0.009,0.998,0.002,10715.312666666667,1728.7550609922223
200.0,5.0,3.0,0.72,0.862,0.015,1.0,0.0,9939.429,1485.372956407133
200.0,5.0,3.0,0.78,0.876,0.01,0.993,0.001,11571.301,1680.0010753168183
200.0,5.0,3.0,0.78,0.868,0.005,0.994,0.001,12273.320333333333,1564.2686339159338
200.0,5.0,3.0,0.78,0.859,0.012,0.989,0.001,12382.048333333334,1232.7488351906436
200.0,5.0,3.0,0.78,0.865,0.012,0.988,0.002,12989.250666666667,1164.8031970392633
200.0,5.0,3.0,0.78,0.862,0.009,0.986,0.002,13233.844666666666,1413.731975495434
200.0,5.0,3.0,0.85,0.878,0.013,0.975,0.001,13668.571,1586.2396875290738
200.0,5.0,3.0,0.85,0.865,0.014,0.98,0.002,13510.708666666667,1908.6939761151398
200.0,5.0,3.0,0.85,0.862,0.014,0.976,0.002,13541.375333333333,1756.102739721746
200.0,5.0,3.0,0.85,0.864,0.008,0.975,0.002,13896.027666666667,1451.9368625739971
200.0,5.0,3.0,0.85,0.872,0.007,0.97,0.001,14016.119333333334,1017.8122756315245
